file,method,line,statements,flow_blocks,classification
hello-travel-adaptor/src/main/java/com/hellotravel/adaptor/auth/input/AuthController.java,<init>,34,3,0,single_operation_or_constructor_review
hello-travel-adaptor/src/main/java/com/hellotravel/adaptor/auth/input/AuthController.java,authenticate,53,11,1,flow_checked
hello-travel-adaptor/src/main/java/com/hellotravel/adaptor/auth/input/assembler/AuthAssembler.java,toCommand,34,1,0,single_operation_or_constructor_review
hello-travel-adaptor/src/main/java/com/hellotravel/adaptor/auth/input/assembler/AuthAssembler.java,check,59,1,0,single_operation_or_constructor_review
hello-travel-adaptor/src/main/java/com/hellotravel/adaptor/auth/input/assembler/AuthAssembler.java,check,75,1,0,single_operation_or_constructor_review
hello-travel-adaptor/src/main/java/com/hellotravel/adaptor/auth/input/assembler/AuthAssembler.java,toResponse,87,1,0,single_operation_or_constructor_review
hello-travel-adaptor/src/main/java/com/hellotravel/adaptor/auth/input/assembler/AuthAssembler.java,action,104,9,0,single_operation_or_constructor_review
hello-travel-adaptor/src/main/java/com/hellotravel/adaptor/auth/input/scheduler/RetentionScheduler.java,<init>,32,1,0,single_operation_or_constructor_review
hello-travel-adaptor/src/main/java/com/hellotravel/adaptor/auth/input/scheduler/RetentionScheduler.java,expireRetainedRecords,41,4,0,single_operation_or_constructor_review
hello-travel-adaptor/src/main/java/com/hellotravel/adaptor/auth/input/scheduler/RetentionScheduler.java,expireCredentials,57,4,0,single_operation_or_constructor_review
hello-travel-adaptor/src/main/java/com/hellotravel/adaptor/auth/output/MailAdaptorImpl.java,<init>,27,2,0,single_operation_or_constructor_review
hello-travel-adaptor/src/main/java/com/hellotravel/adaptor/auth/output/MailAdaptorImpl.java,deliver,39,28,2,flow_checked
hello-travel-adaptor/src/main/java/com/hellotravel/adaptor/auth/output/SecurityAdaptorImpl.java,<init>,41,3,0,single_operation_or_constructor_review
hello-travel-adaptor/src/main/java/com/hellotravel/adaptor/auth/output/SecurityAdaptorImpl.java,process,57,15,0,single_operation_or_constructor_review
hello-travel-adaptor/src/main/java/com/hellotravel/adaptor/auth/output/SecurityAdaptorImpl.java,encoder,114,1,0,single_operation_or_constructor_review
hello-travel-adaptor/src/main/java/com/hellotravel/adaptor/auth/output/SecurityAdaptorImpl.java,key,118,7,1,flow_checked
hello-travel-adaptor/src/main/java/com/hellotravel/adaptor/auth/output/SecurityAdaptorImpl.java,hmac,135,3,1,flow_checked
hello-travel-adaptor/src/main/java/com/hellotravel/adaptor/auth/output/SecurityAdaptorImpl.java,encrypt,144,7,1,flow_checked
hello-travel-adaptor/src/main/java/com/hellotravel/adaptor/auth/output/SecurityAdaptorImpl.java,decrypt,169,5,1,flow_checked
hello-travel-adaptor/src/main/java/com/hellotravel/adaptor/auth/output/SecurityAdaptorImpl.java,limit,184,7,1,flow_checked
hello-travel-adaptor/src/main/java/com/hellotravel/adaptor/auth/output/converter/MailConverter.java,accepted,21,1,0,single_operation_or_constructor_review
hello-travel-adaptor/src/main/java/com/hellotravel/adaptor/auth/output/converter/SecurityConverter.java,value,22,1,0,single_operation_or_constructor_review
hello-travel-adaptor/src/main/java/com/hellotravel/adaptor/auth/output/converter/SecurityConverter.java,verification,33,1,0,single_operation_or_constructor_review
hello-travel-adaptor/src/main/java/com/hellotravel/adaptor/chat/input/ChatController.java,<init>,31,2,0,single_operation_or_constructor_review
hello-travel-adaptor/src/main/java/com/hellotravel/adaptor/chat/input/ChatController.java,manage,45,8,1,flow_checked
hello-travel-adaptor/src/main/java/com/hellotravel/adaptor/chat/input/SyncController.java,<init>,27,2,0,single_operation_or_constructor_review
hello-travel-adaptor/src/main/java/com/hellotravel/adaptor/chat/input/SyncController.java,synchronize,40,8,1,flow_checked
hello-travel-adaptor/src/main/java/com/hellotravel/adaptor/chat/input/SyncStreamController.java,<init>,29,1,0,single_operation_or_constructor_review
hello-travel-adaptor/src/main/java/com/hellotravel/adaptor/chat/input/SyncStreamController.java,subscribe,41,7,1,flow_checked
hello-travel-adaptor/src/main/java/com/hellotravel/adaptor/chat/input/SyncStreamController.java,failedSubscription,57,7,1,flow_checked
hello-travel-adaptor/src/main/java/com/hellotravel/adaptor/chat/input/assembler/ChatAssembler.java,toCommand,39,16,1,flow_checked
hello-travel-adaptor/src/main/java/com/hellotravel/adaptor/chat/input/assembler/ChatAssembler.java,conversation,82,1,0,single_operation_or_constructor_review
hello-travel-adaptor/src/main/java/com/hellotravel/adaptor/chat/input/assembler/ChatAssembler.java,message,99,1,0,single_operation_or_constructor_review
hello-travel-adaptor/src/main/java/com/hellotravel/adaptor/chat/input/assembler/ChatAssembler.java,run,117,1,0,single_operation_or_constructor_review
hello-travel-adaptor/src/main/java/com/hellotravel/adaptor/chat/input/assembler/ChatAssembler.java,toResponse,136,1,0,single_operation_or_constructor_review
hello-travel-adaptor/src/main/java/com/hellotravel/adaptor/chat/input/assembler/SyncAssembler.java,toCommand,28,1,0,single_operation_or_constructor_review
hello-travel-adaptor/src/main/java/com/hellotravel/adaptor/chat/input/assembler/SyncAssembler.java,event,39,1,0,single_operation_or_constructor_review
hello-travel-adaptor/src/main/java/com/hellotravel/adaptor/chat/input/assembler/SyncAssembler.java,toResponse,56,1,0,single_operation_or_constructor_review
hello-travel-adaptor/src/main/java/com/hellotravel/adaptor/chat/input/scheduler/BackgroundJobScheduler.java,<init>,32,1,0,single_operation_or_constructor_review
hello-travel-adaptor/src/main/java/com/hellotravel/adaptor/chat/input/scheduler/BackgroundJobScheduler.java,dispatchPending,41,4,0,single_operation_or_constructor_review
hello-travel-adaptor/src/main/java/com/hellotravel/adaptor/chat/input/scheduler/BackgroundJobScheduler.java,recoverPending,57,4,0,single_operation_or_constructor_review
hello-travel-adaptor/src/main/java/com/hellotravel/adaptor/chat/input/scheduler/BackgroundJobScheduler.java,reconcileKnowledgeIndex,73,4,0,single_operation_or_constructor_review
hello-travel-adaptor/src/main/java/com/hellotravel/adaptor/chat/input/scheduler/SyncStreamScheduler.java,<init>,32,1,0,single_operation_or_constructor_review
hello-travel-adaptor/src/main/java/com/hellotravel/adaptor/chat/input/scheduler/SyncStreamScheduler.java,publish,41,4,0,single_operation_or_constructor_review
hello-travel-adaptor/src/main/java/com/hellotravel/adaptor/chat/input/stream/SyncStreamPublisher.java,<init>,58,4,0,single_operation_or_constructor_review
hello-travel-adaptor/src/main/java/com/hellotravel/adaptor/chat/input/stream/SyncStreamPublisher.java,subscribe,79,14,2,flow_checked
hello-travel-adaptor/src/main/java/com/hellotravel/adaptor/chat/input/stream/SyncStreamPublisher.java,publishPendingEvents,111,11,0,single_operation_or_constructor_review
hello-travel-adaptor/src/main/java/com/hellotravel/adaptor/chat/input/stream/SyncStreamPublisher.java,emit,128,20,1,flow_checked
hello-travel-adaptor/src/main/java/com/hellotravel/adaptor/chat/input/stream/SyncStreamPublisher.java,closeSender,164,1,0,single_operation_or_constructor_review
hello-travel-adaptor/src/main/java/com/hellotravel/adaptor/chat/input/stream/SyncStreamPublisher.java,<init>,229,5,0,single_operation_or_constructor_review
hello-travel-adaptor/src/main/java/com/hellotravel/adaptor/chat/output/MemoryAgentImpl.java,<init>,33,4,0,single_operation_or_constructor_review
hello-travel-adaptor/src/main/java/com/hellotravel/adaptor/chat/output/MemoryAgentImpl.java,summarize,51,4,0,single_operation_or_constructor_review
hello-travel-adaptor/src/main/java/com/hellotravel/adaptor/chat/output/MemoryAgentImpl.java,extract,68,4,0,single_operation_or_constructor_review
hello-travel-adaptor/src/main/java/com/hellotravel/adaptor/chat/output/MemoryAgentImpl.java,invoke,78,7,1,flow_checked
hello-travel-adaptor/src/main/java/com/hellotravel/adaptor/chat/output/TravelDialogueAdaptorImpl.java,<init>,34,4,0,single_operation_or_constructor_review
hello-travel-adaptor/src/main/java/com/hellotravel/adaptor/chat/output/TravelDialogueAdaptorImpl.java,answer,52,14,2,flow_checked
hello-travel-adaptor/src/main/java/com/hellotravel/adaptor/chat/output/TravelFactQueryAdaptorImpl.java,<init>,44,2,0,single_operation_or_constructor_review
hello-travel-adaptor/src/main/java/com/hellotravel/adaptor/chat/output/TravelFactQueryAdaptorImpl.java,query,57,24,2,flow_checked
hello-travel-adaptor/src/main/java/com/hellotravel/adaptor/chat/output/TravelFactQueryAdaptorImpl.java,valid,108,1,0,single_operation_or_constructor_review
hello-travel-adaptor/src/main/java/com/hellotravel/adaptor/chat/output/TravelFactQueryAdaptorImpl.java,geo,112,5,1,flow_checked
hello-travel-adaptor/src/main/java/com/hellotravel/adaptor/chat/output/TravelFactQueryAdaptorImpl.java,get,125,11,2,flow_checked
hello-travel-adaptor/src/main/java/com/hellotravel/adaptor/chat/output/TravelIntentRecognitionAdaptorImpl.java,<init>,28,2,0,single_operation_or_constructor_review
hello-travel-adaptor/src/main/java/com/hellotravel/adaptor/chat/output/TravelIntentRecognitionAdaptorImpl.java,recognize,42,9,1,flow_checked
hello-travel-adaptor/src/main/java/com/hellotravel/adaptor/chat/output/TravelPlanGenerationAdaptorImpl.java,<init>,33,4,0,single_operation_or_constructor_review
hello-travel-adaptor/src/main/java/com/hellotravel/adaptor/chat/output/TravelPlanGenerationAdaptorImpl.java,generate,51,9,1,flow_checked
hello-travel-adaptor/src/main/java/com/hellotravel/adaptor/chat/output/TravelPlanGenerationAdaptorImpl.java,revise,86,9,1,flow_checked
hello-travel-adaptor/src/main/java/com/hellotravel/adaptor/chat/output/converter/ChatModelConverter.java,response,23,1,0,single_operation_or_constructor_review
hello-travel-adaptor/src/main/java/com/hellotravel/adaptor/chat/output/converter/TravelFactConverter.java,notConfigured,30,1,0,single_operation_or_constructor_review
hello-travel-adaptor/src/main/java/com/hellotravel/adaptor/chat/output/converter/TravelFactConverter.java,exceeded,40,1,0,single_operation_or_constructor_review
hello-travel-adaptor/src/main/java/com/hellotravel/adaptor/chat/output/converter/TravelFactConverter.java,unavailable,50,1,0,single_operation_or_constructor_review
hello-travel-adaptor/src/main/java/com/hellotravel/adaptor/chat/output/converter/TravelFactConverter.java,available,61,1,0,single_operation_or_constructor_review
hello-travel-adaptor/src/main/java/com/hellotravel/adaptor/chat/output/converter/TravelFactConverter.java,geocode,73,1,0,single_operation_or_constructor_review
hello-travel-adaptor/src/main/java/com/hellotravel/adaptor/chat/output/converter/TravelFactConverter.java,weather,85,1,0,single_operation_or_constructor_review
hello-travel-adaptor/src/main/java/com/hellotravel/adaptor/chat/output/converter/TravelFactConverter.java,driving,98,1,0,single_operation_or_constructor_review
hello-travel-adaptor/src/main/java/com/hellotravel/adaptor/chat/output/converter/TravelFactConverter.java,weatherFacts,117,13,1,flow_checked
hello-travel-adaptor/src/main/java/com/hellotravel/adaptor/chat/output/converter/TravelFactConverter.java,drivingFacts,155,4,1,flow_checked
hello-travel-adaptor/src/main/java/com/hellotravel/adaptor/chat/output/converter/TravelFactConverter.java,request,177,3,1,flow_checked
hello-travel-adaptor/src/main/java/com/hellotravel/adaptor/chat/output/converter/TravelFactConverter.java,required,195,4,1,flow_checked
hello-travel-adaptor/src/main/java/com/hellotravel/adaptor/chat/output/converter/TravelFactConverter.java,positiveLong,205,8,2,flow_checked
hello-travel-adaptor/src/main/java/com/hellotravel/adaptor/chat/output/converter/TravelPlanConverter.java,<init>,18,1,0,single_operation_or_constructor_review
hello-travel-adaptor/src/main/java/com/hellotravel/adaptor/chat/output/converter/TravelPlanConverter.java,generation,30,1,0,single_operation_or_constructor_review
hello-travel-adaptor/src/main/java/com/hellotravel/adaptor/common/AuthCookies.java,<init>,30,3,0,single_operation_or_constructor_review
hello-travel-adaptor/src/main/java/com/hellotravel/adaptor/common/AuthCookies.java,device,47,10,1,flow_checked
hello-travel-adaptor/src/main/java/com/hellotravel/adaptor/common/AuthCookies.java,sign,81,4,1,flow_checked
hello-travel-adaptor/src/main/java/com/hellotravel/adaptor/common/AuthCookies.java,cookie,101,2,1,flow_checked
hello-travel-adaptor/src/main/java/com/hellotravel/adaptor/common/AuthCookies.java,writeSession,125,4,1,flow_checked
hello-travel-adaptor/src/main/java/com/hellotravel/adaptor/common/HttpErrors.java,business,42,1,0,single_operation_or_constructor_review
hello-travel-adaptor/src/main/java/com/hellotravel/adaptor/common/HttpErrors.java,invalid,55,1,0,single_operation_or_constructor_review
hello-travel-adaptor/src/main/java/com/hellotravel/adaptor/common/HttpErrors.java,conflict,73,1,0,single_operation_or_constructor_review
hello-travel-adaptor/src/main/java/com/hellotravel/adaptor/common/HttpErrors.java,unexpected,85,2,1,flow_checked
hello-travel-adaptor/src/main/java/com/hellotravel/adaptor/common/HttpIdentity.java,<init>,17,0,0,single_operation_or_constructor_review
hello-travel-adaptor/src/main/java/com/hellotravel/adaptor/common/HttpIdentity.java,user,27,1,0,single_operation_or_constructor_review
hello-travel-adaptor/src/main/java/com/hellotravel/adaptor/common/HttpIdentity.java,session,38,1,0,single_operation_or_constructor_review
hello-travel-adaptor/src/main/java/com/hellotravel/adaptor/common/HttpIdentity.java,access,49,2,1,flow_checked
hello-travel-adaptor/src/main/java/com/hellotravel/adaptor/common/HttpIdentity.java,cookie,64,6,1,flow_checked
hello-travel-adaptor/src/main/java/com/hellotravel/adaptor/common/HttpProtocol.java,<init>,77,0,0,single_operation_or_constructor_review
hello-travel-adaptor/src/main/java/com/hellotravel/adaptor/common/HttpProtocol.java,cursor,87,1,0,single_operation_or_constructor_review
hello-travel-adaptor/src/main/java/com/hellotravel/adaptor/common/HttpProtocol.java,pageSize,98,1,0,single_operation_or_constructor_review
hello-travel-adaptor/src/main/java/com/hellotravel/adaptor/common/HttpResults.java,<init>,23,0,0,single_operation_or_constructor_review
hello-travel-adaptor/src/main/java/com/hellotravel/adaptor/common/HttpResults.java,capture,34,1,0,single_operation_or_constructor_review
hello-travel-adaptor/src/main/java/com/hellotravel/adaptor/common/HttpResults.java,failure,51,7,1,flow_checked
hello-travel-adaptor/src/main/java/com/hellotravel/adaptor/common/HttpResults.java,required,74,3,1,flow_checked
hello-travel-adaptor/src/main/java/com/hellotravel/adaptor/common/HttpResults.java,classification,83,4,0,single_operation_or_constructor_review
hello-travel-adaptor/src/main/java/com/hellotravel/adaptor/common/JsonBodyLimit.java,supports,33,1,0,single_operation_or_constructor_review
hello-travel-adaptor/src/main/java/com/hellotravel/adaptor/common/JsonBodyLimit.java,getBody,73,1,0,single_operation_or_constructor_review
hello-travel-adaptor/src/main/java/com/hellotravel/adaptor/common/JsonBodyLimit.java,getHeaders,83,1,0,single_operation_or_constructor_review
hello-travel-adaptor/src/main/java/com/hellotravel/adaptor/common/JsonBodyLimit.java,beforeBodyRead,51,6,1,flow_checked
hello-travel-adaptor/src/main/java/com/hellotravel/adaptor/common/SessionFilter.java,<init>,40,4,0,single_operation_or_constructor_review
hello-travel-adaptor/src/main/java/com/hellotravel/adaptor/common/SessionFilter.java,doFilterInternal,59,30,2,flow_checked
hello-travel-adaptor/src/main/java/com/hellotravel/adaptor/exception/AdaptorErrorCode.java,<init>,106,2,0,single_operation_or_constructor_review
hello-travel-adaptor/src/main/java/com/hellotravel/adaptor/exception/AdaptorErrorCode.java,code,117,1,0,single_operation_or_constructor_review
hello-travel-adaptor/src/main/java/com/hellotravel/adaptor/exception/AdaptorErrorCode.java,message,127,1,0,single_operation_or_constructor_review
hello-travel-adaptor/src/main/java/com/hellotravel/adaptor/exception/AdaptorErrorCode.java,status,137,1,0,single_operation_or_constructor_review
hello-travel-adaptor/src/main/java/com/hellotravel/adaptor/exception/AdaptorException.java,<init>,18,1,0,single_operation_or_constructor_review
hello-travel-adaptor/src/main/java/com/hellotravel/adaptor/knowledge/input/KnowledgeController.java,<init>,33,2,0,single_operation_or_constructor_review
hello-travel-adaptor/src/main/java/com/hellotravel/adaptor/knowledge/input/KnowledgeController.java,upload,48,8,1,flow_checked
hello-travel-adaptor/src/main/java/com/hellotravel/adaptor/knowledge/input/KnowledgeController.java,manage,77,8,1,flow_checked
hello-travel-adaptor/src/main/java/com/hellotravel/adaptor/knowledge/input/assembler/KnowledgeAssembler.java,toCommand,38,8,1,flow_checked
hello-travel-adaptor/src/main/java/com/hellotravel/adaptor/knowledge/input/assembler/KnowledgeAssembler.java,upload,71,6,1,flow_checked
hello-travel-adaptor/src/main/java/com/hellotravel/adaptor/knowledge/input/assembler/KnowledgeAssembler.java,document,100,1,0,single_operation_or_constructor_review
hello-travel-adaptor/src/main/java/com/hellotravel/adaptor/knowledge/input/assembler/KnowledgeAssembler.java,toResponse,118,1,0,single_operation_or_constructor_review
hello-travel-adaptor/src/main/java/com/hellotravel/adaptor/knowledge/output/FileOutAdaptorImpl.java,<init>,46,2,0,single_operation_or_constructor_review
hello-travel-adaptor/src/main/java/com/hellotravel/adaptor/knowledge/output/FileOutAdaptorImpl.java,store,58,32,3,flow_checked
hello-travel-adaptor/src/main/java/com/hellotravel/adaptor/knowledge/output/FileOutAdaptorImpl.java,scan,124,12,1,flow_checked
hello-travel-adaptor/src/main/java/com/hellotravel/adaptor/knowledge/output/FileOutAdaptorImpl.java,parse,158,21,2,flow_checked
hello-travel-adaptor/src/main/java/com/hellotravel/adaptor/knowledge/output/KnowledgeEmbeddingAgentImpl.java,<init>,28,2,0,single_operation_or_constructor_review
hello-travel-adaptor/src/main/java/com/hellotravel/adaptor/knowledge/output/KnowledgeEmbeddingAgentImpl.java,embed,42,7,1,flow_checked
hello-travel-adaptor/src/main/java/com/hellotravel/adaptor/knowledge/output/VectorOutAdaptorImpl.java,<init>,49,2,0,single_operation_or_constructor_review
hello-travel-adaptor/src/main/java/com/hellotravel/adaptor/knowledge/output/VectorOutAdaptorImpl.java,index,62,20,1,flow_checked
hello-travel-adaptor/src/main/java/com/hellotravel/adaptor/knowledge/output/VectorOutAdaptorImpl.java,initializedClient,104,3,1,flow_checked
hello-travel-adaptor/src/main/java/com/hellotravel/adaptor/knowledge/output/VectorOutAdaptorImpl.java,client,112,8,1,flow_checked
hello-travel-adaptor/src/main/java/com/hellotravel/adaptor/knowledge/output/VectorOutAdaptorImpl.java,closeClient,133,2,0,single_operation_or_constructor_review
hello-travel-adaptor/src/main/java/com/hellotravel/adaptor/knowledge/output/VectorOutAdaptorImpl.java,initialize,141,18,1,flow_checked
hello-travel-adaptor/src/main/java/com/hellotravel/adaptor/knowledge/output/converter/BoundedTextWriter.java,write,25,3,1,flow_checked
hello-travel-adaptor/src/main/java/com/hellotravel/adaptor/knowledge/output/converter/BoundedTextWriter.java,flush,39,0,0,single_operation_or_constructor_review
hello-travel-adaptor/src/main/java/com/hellotravel/adaptor/knowledge/output/converter/BoundedTextWriter.java,close,47,0,0,single_operation_or_constructor_review
hello-travel-adaptor/src/main/java/com/hellotravel/adaptor/knowledge/output/converter/BoundedTextWriter.java,toString,56,1,0,single_operation_or_constructor_review
hello-travel-adaptor/src/main/java/com/hellotravel/adaptor/knowledge/output/converter/FileConverter.java,deleted,25,1,0,single_operation_or_constructor_review
hello-travel-adaptor/src/main/java/com/hellotravel/adaptor/knowledge/output/converter/FileConverter.java,scanned,36,1,0,single_operation_or_constructor_review
hello-travel-adaptor/src/main/java/com/hellotravel/adaptor/knowledge/output/converter/FileConverter.java,stored,50,4,0,single_operation_or_constructor_review
hello-travel-adaptor/src/main/java/com/hellotravel/adaptor/knowledge/output/converter/KnowledgeEmbeddingConverter.java,result,31,3,1,flow_checked
hello-travel-adaptor/src/main/java/com/hellotravel/adaptor/knowledge/output/converter/KnowledgeEmbeddingConverter.java,vector,42,10,1,flow_checked
hello-travel-adaptor/src/main/java/com/hellotravel/adaptor/knowledge/output/converter/VectorConverter.java,id,68,3,1,flow_checked
hello-travel-adaptor/src/main/java/com/hellotravel/adaptor/knowledge/output/converter/VectorConverter.java,owner,84,1,0,single_operation_or_constructor_review
hello-travel-adaptor/src/main/java/com/hellotravel/adaptor/knowledge/output/converter/VectorConverter.java,search,96,4,1,flow_checked
hello-travel-adaptor/src/main/java/com/hellotravel/adaptor/knowledge/output/converter/VectorConverter.java,delete,125,6,1,flow_checked
hello-travel-adaptor/src/main/java/com/hellotravel/adaptor/knowledge/output/converter/VectorConverter.java,upsert,147,6,1,flow_checked
hello-travel-adaptor/src/main/java/com/hellotravel/adaptor/knowledge/output/converter/VectorConverter.java,row,168,19,1,flow_checked
hello-travel-adaptor/src/main/java/com/hellotravel/adaptor/knowledge/output/converter/VectorConverter.java,searchResult,209,4,1,flow_checked
hello-travel-adaptor/src/main/java/com/hellotravel/adaptor/knowledge/output/converter/VectorConverter.java,hit,226,1,0,single_operation_or_constructor_review
hello-travel-adaptor/src/main/java/com/hellotravel/adaptor/knowledge/output/converter/VectorConverter.java,completed,241,1,0,single_operation_or_constructor_review
hello-travel-application/src/main/java/com/hellotravel/application/auth/AuthAppService.java,<init>,37,6,0,single_operation_or_constructor_review
hello-travel-application/src/main/java/com/hellotravel/application/auth/AuthAppService.java,authenticate,56,8,1,flow_checked
hello-travel-application/src/main/java/com/hellotravel/application/auth/AuthCredentialSupport.java,<init>,143,12,0,single_operation_or_constructor_review
hello-travel-application/src/main/java/com/hellotravel/application/auth/AuthCredentialSupport.java,secure,170,4,1,flow_checked
hello-travel-application/src/main/java/com/hellotravel/application/auth/AuthCredentialSupport.java,email,181,3,1,flow_checked
hello-travel-application/src/main/java/com/hellotravel/application/auth/AuthCredentialSupport.java,limit,190,3,1,flow_checked
hello-travel-application/src/main/java/com/hellotravel/application/auth/AuthCredentialSupport.java,account,199,2,1,flow_checked
hello-travel-application/src/main/java/com/hellotravel/application/auth/AuthCredentialSupport.java,proof,208,17,2,flow_checked
hello-travel-application/src/main/java/com/hellotravel/application/auth/AuthCredentialSupport.java,consume,264,4,1,flow_checked
hello-travel-application/src/main/java/com/hellotravel/application/auth/AuthCredentialSupport.java,hashPassword,280,3,1,flow_checked
hello-travel-application/src/main/java/com/hellotravel/application/auth/AuthCredentialSupport.java,session,289,6,1,flow_checked
hello-travel-application/src/main/java/com/hellotravel/application/auth/AuthCredentialSupport.java,valid,308,6,1,flow_checked
hello-travel-application/src/main/java/com/hellotravel/application/auth/AuthCredentialSupport.java,authenticated,333,3,1,flow_checked
hello-travel-application/src/main/java/com/hellotravel/application/auth/AuthCredentialSupport.java,now,342,1,0,single_operation_or_constructor_review
hello-travel-application/src/main/java/com/hellotravel/application/auth/ChallengeAppService.java,<init>,56,1,0,single_operation_or_constructor_review
hello-travel-application/src/main/java/com/hellotravel/application/auth/ChallengeAppService.java,action,90,1,0,single_operation_or_constructor_review
hello-travel-application/src/main/java/com/hellotravel/application/auth/ChallengeAppService.java,execute,102,21,2,flow_checked
hello-travel-application/src/main/java/com/hellotravel/application/auth/LoginAppService.java,<init>,55,1,0,single_operation_or_constructor_review
hello-travel-application/src/main/java/com/hellotravel/application/auth/LoginAppService.java,action,89,1,0,single_operation_or_constructor_review
hello-travel-application/src/main/java/com/hellotravel/application/auth/LoginAppService.java,execute,101,40,2,flow_checked
hello-travel-application/src/main/java/com/hellotravel/application/auth/LogoutAppService.java,<init>,47,1,0,single_operation_or_constructor_review
hello-travel-application/src/main/java/com/hellotravel/application/auth/LogoutAppService.java,action,81,1,0,single_operation_or_constructor_review
hello-travel-application/src/main/java/com/hellotravel/application/auth/LogoutAppService.java,execute,93,8,2,flow_checked
hello-travel-application/src/main/java/com/hellotravel/application/auth/RefreshAppService.java,<init>,54,1,0,single_operation_or_constructor_review
hello-travel-application/src/main/java/com/hellotravel/application/auth/RefreshAppService.java,action,88,1,0,single_operation_or_constructor_review
hello-travel-application/src/main/java/com/hellotravel/application/auth/RefreshAppService.java,execute,100,35,3,flow_checked
hello-travel-application/src/main/java/com/hellotravel/application/auth/RegisterAppService.java,<init>,48,1,0,single_operation_or_constructor_review
hello-travel-application/src/main/java/com/hellotravel/application/auth/RegisterAppService.java,action,82,1,0,single_operation_or_constructor_review
hello-travel-application/src/main/java/com/hellotravel/application/auth/RegisterAppService.java,execute,94,11,2,flow_checked
hello-travel-application/src/main/java/com/hellotravel/application/auth/ResetPasswordAppService.java,<init>,53,1,0,single_operation_or_constructor_review
hello-travel-application/src/main/java/com/hellotravel/application/auth/ResetPasswordAppService.java,action,87,1,0,single_operation_or_constructor_review
hello-travel-application/src/main/java/com/hellotravel/application/auth/ResetPasswordAppService.java,execute,99,18,2,flow_checked
hello-travel-application/src/main/java/com/hellotravel/application/auth/RetentionAppService.java,<init>,42,11,0,single_operation_or_constructor_review
hello-travel-application/src/main/java/com/hellotravel/application/auth/RetentionAppService.java,expire,72,8,1,flow_checked
hello-travel-application/src/main/java/com/hellotravel/application/auth/RetentionAppService.java,expireCredentials,105,16,3,flow_checked
hello-travel-application/src/main/java/com/hellotravel/application/auth/RetentionAppService.java,now,163,1,0,single_operation_or_constructor_review
hello-travel-application/src/main/java/com/hellotravel/application/auth/SessionCheckAppService.java,<init>,46,1,0,single_operation_or_constructor_review
hello-travel-application/src/main/java/com/hellotravel/application/auth/SessionCheckAppService.java,action,80,1,0,single_operation_or_constructor_review
hello-travel-application/src/main/java/com/hellotravel/application/auth/SessionCheckAppService.java,execute,92,2,1,flow_checked
hello-travel-application/src/main/java/com/hellotravel/application/auth/assembler/AuthAppAssembler.java,challenge,24,1,0,single_operation_or_constructor_review
hello-travel-application/src/main/java/com/hellotravel/application/auth/assembler/AuthAppAssembler.java,account,35,1,0,single_operation_or_constructor_review
hello-travel-application/src/main/java/com/hellotravel/application/auth/assembler/AuthAppAssembler.java,checked,47,1,0,single_operation_or_constructor_review
hello-travel-application/src/main/java/com/hellotravel/application/auth/assembler/AuthAppAssembler.java,session,62,1,0,single_operation_or_constructor_review
hello-travel-application/src/main/java/com/hellotravel/application/auth/assembler/AuthDomainParamAssembler.java,userAccount,32,1,0,single_operation_or_constructor_review
hello-travel-application/src/main/java/com/hellotravel/application/auth/assembler/AuthDomainParamAssembler.java,device,43,1,0,single_operation_or_constructor_review
hello-travel-application/src/main/java/com/hellotravel/application/auth/assembler/AuthDomainParamAssembler.java,loginSession,54,1,0,single_operation_or_constructor_review
hello-travel-application/src/main/java/com/hellotravel/application/auth/assembler/AuthDomainParamAssembler.java,emailChallenge,65,1,0,single_operation_or_constructor_review
hello-travel-application/src/main/java/com/hellotravel/application/auth/assembler/AuthDomainParamAssembler.java,refreshReceipt,76,1,0,single_operation_or_constructor_review
hello-travel-application/src/main/java/com/hellotravel/application/auth/assembler/AuthDomainParamAssembler.java,removeRefreshReceipt,87,1,0,single_operation_or_constructor_review
hello-travel-application/src/main/java/com/hellotravel/application/auth/assembler/MailCommandAppAssembler.java,challenge,25,1,0,single_operation_or_constructor_review
hello-travel-application/src/main/java/com/hellotravel/application/auth/assembler/SecurityCommandAppAssembler.java,signDevice,32,1,0,single_operation_or_constructor_review
hello-travel-application/src/main/java/com/hellotravel/application/auth/assembler/SecurityCommandAppAssembler.java,decrypt,44,1,0,single_operation_or_constructor_review
hello-travel-application/src/main/java/com/hellotravel/application/auth/assembler/SecurityCommandAppAssembler.java,hashPassword,55,1,0,single_operation_or_constructor_review
hello-travel-application/src/main/java/com/hellotravel/application/auth/assembler/SecurityCommandAppAssembler.java,verifyPassword,67,1,0,single_operation_or_constructor_review
hello-travel-application/src/main/java/com/hellotravel/application/auth/assembler/SecurityCommandAppAssembler.java,otp,77,1,0,single_operation_or_constructor_review
hello-travel-application/src/main/java/com/hellotravel/application/auth/assembler/SecurityCommandAppAssembler.java,mailAvailable,87,1,0,single_operation_or_constructor_review
hello-travel-application/src/main/java/com/hellotravel/application/auth/assembler/SecurityCommandAppAssembler.java,hmac,99,1,0,single_operation_or_constructor_review
hello-travel-application/src/main/java/com/hellotravel/application/auth/assembler/SecurityCommandAppAssembler.java,encrypt,111,1,0,single_operation_or_constructor_review
hello-travel-application/src/main/java/com/hellotravel/application/auth/assembler/SecurityCommandAppAssembler.java,limit,123,1,0,single_operation_or_constructor_review
hello-travel-application/src/main/java/com/hellotravel/application/auth/assembler/SecurityCommandAppAssembler.java,passwordProof,135,1,0,single_operation_or_constructor_review
hello-travel-application/src/main/java/com/hellotravel/application/auth/command/AuthCommand.java,toString,40,1,0,single_operation_or_constructor_review
hello-travel-application/src/main/java/com/hellotravel/application/auth/command/MailCommand.java,toString,19,1,0,single_operation_or_constructor_review
hello-travel-application/src/main/java/com/hellotravel/application/auth/command/SecurityCommand.java,toString,20,1,0,single_operation_or_constructor_review
hello-travel-application/src/main/java/com/hellotravel/application/chat/CancelChatRunAppService.java,<init>,49,1,0,single_operation_or_constructor_review
hello-travel-application/src/main/java/com/hellotravel/application/chat/CancelChatRunAppService.java,action,81,1,0,single_operation_or_constructor_review
hello-travel-application/src/main/java/com/hellotravel/application/chat/CancelChatRunAppService.java,execute,93,9,1,flow_checked
hello-travel-application/src/main/java/com/hellotravel/application/chat/ChatAppService.java,<init>,37,6,0,single_operation_or_constructor_review
hello-travel-application/src/main/java/com/hellotravel/application/chat/ChatAppService.java,manage,54,10,1,flow_checked
hello-travel-application/src/main/java/com/hellotravel/application/chat/ChatBootstrapAppService.java,<init>,44,1,0,single_operation_or_constructor_review
hello-travel-application/src/main/java/com/hellotravel/application/chat/ChatBootstrapAppService.java,action,76,1,0,single_operation_or_constructor_review
hello-travel-application/src/main/java/com/hellotravel/application/chat/ChatBootstrapAppService.java,execute,88,5,1,flow_checked
hello-travel-application/src/main/java/com/hellotravel/application/chat/ChatContextAppService.java,<init>,45,1,0,single_operation_or_constructor_review
hello-travel-application/src/main/java/com/hellotravel/application/chat/ChatContextAppService.java,action,77,1,0,single_operation_or_constructor_review
hello-travel-application/src/main/java/com/hellotravel/application/chat/ChatContextAppService.java,execute,89,4,1,flow_checked
hello-travel-application/src/main/java/com/hellotravel/application/chat/ChatConversationSupport.java,<init>,111,11,0,single_operation_or_constructor_review
hello-travel-application/src/main/java/com/hellotravel/application/chat/ChatConversationSupport.java,owned,144,4,1,flow_checked
hello-travel-application/src/main/java/com/hellotravel/application/chat/ChatConversationSupport.java,run,160,7,1,flow_checked
hello-travel-application/src/main/java/com/hellotravel/application/chat/ChatConversationSupport.java,version,182,2,0,single_operation_or_constructor_review
hello-travel-application/src/main/java/com/hellotravel/application/chat/ChatConversationSupport.java,active,189,1,0,single_operation_or_constructor_review
hello-travel-application/src/main/java/com/hellotravel/application/chat/ChatConversationSupport.java,runSnapshot,203,4,1,flow_checked
hello-travel-application/src/main/java/com/hellotravel/application/chat/ChatConversationSupport.java,now,214,1,0,single_operation_or_constructor_review
hello-travel-application/src/main/java/com/hellotravel/application/chat/ChatHistoryAppService.java,<init>,47,1,0,single_operation_or_constructor_review
hello-travel-application/src/main/java/com/hellotravel/application/chat/ChatHistoryAppService.java,action,79,1,0,single_operation_or_constructor_review
hello-travel-application/src/main/java/com/hellotravel/application/chat/ChatHistoryAppService.java,execute,91,8,1,flow_checked
hello-travel-application/src/main/java/com/hellotravel/application/chat/CreateConversationAppService.java,<init>,46,1,0,single_operation_or_constructor_review
hello-travel-application/src/main/java/com/hellotravel/application/chat/CreateConversationAppService.java,action,78,1,0,single_operation_or_constructor_review
hello-travel-application/src/main/java/com/hellotravel/application/chat/CreateConversationAppService.java,execute,90,7,2,flow_checked
hello-travel-application/src/main/java/com/hellotravel/application/chat/DeleteConversationAppService.java,<init>,53,1,0,single_operation_or_constructor_review
hello-travel-application/src/main/java/com/hellotravel/application/chat/DeleteConversationAppService.java,action,85,1,0,single_operation_or_constructor_review
hello-travel-application/src/main/java/com/hellotravel/application/chat/DeleteConversationAppService.java,execute,97,25,2,flow_checked
hello-travel-application/src/main/java/com/hellotravel/application/chat/DeleteMessagesAppService.java,<init>,53,1,0,single_operation_or_constructor_review
hello-travel-application/src/main/java/com/hellotravel/application/chat/DeleteMessagesAppService.java,action,85,1,0,single_operation_or_constructor_review
hello-travel-application/src/main/java/com/hellotravel/application/chat/DeleteMessagesAppService.java,execute,97,25,2,flow_checked
hello-travel-application/src/main/java/com/hellotravel/application/chat/ListConversationsAppService.java,<init>,44,1,0,single_operation_or_constructor_review
hello-travel-application/src/main/java/com/hellotravel/application/chat/ListConversationsAppService.java,action,76,1,0,single_operation_or_constructor_review
hello-travel-application/src/main/java/com/hellotravel/application/chat/ListConversationsAppService.java,execute,88,5,1,flow_checked
hello-travel-application/src/main/java/com/hellotravel/application/chat/MemoryContextAppService.java,<init>,74,16,0,single_operation_or_constructor_review
hello-travel-application/src/main/java/com/hellotravel/application/chat/MemoryContextAppService.java,recentEntities,116,5,1,flow_checked
hello-travel-application/src/main/java/com/hellotravel/application/chat/MemoryContextAppService.java,older,140,8,1,flow_checked
hello-travel-application/src/main/java/com/hellotravel/application/chat/MemoryContextAppService.java,completePairs,170,12,1,flow_checked
hello-travel-application/src/main/java/com/hellotravel/application/chat/MemoryContextAppService.java,summary,200,2,1,flow_checked
hello-travel-application/src/main/java/com/hellotravel/application/chat/MemoryContextAppService.java,facts,221,16,1,flow_checked
hello-travel-application/src/main/java/com/hellotravel/application/chat/MemoryContextAppService.java,compress,271,21,2,flow_checked
hello-travel-application/src/main/java/com/hellotravel/application/chat/MemoryContextAppService.java,extract,374,20,1,flow_checked
hello-travel-application/src/main/java/com/hellotravel/application/chat/MemoryContextAppService.java,now,430,1,0,single_operation_or_constructor_review
hello-travel-application/src/main/java/com/hellotravel/application/chat/MemoryContextAppService.java,persistFacts,434,31,1,flow_checked
hello-travel-application/src/main/java/com/hellotravel/application/chat/MemoryContextAppService.java,recordExtraction,560,5,1,flow_checked
hello-travel-application/src/main/java/com/hellotravel/application/chat/MemoryContextAppService.java,reserveExtraction,593,5,2,flow_checked
hello-travel-application/src/main/java/com/hellotravel/application/chat/MemoryPrivacyCleanupAppService.java,<init>,45,11,0,single_operation_or_constructor_review
hello-travel-application/src/main/java/com/hellotravel/application/chat/MemoryPrivacyCleanupAppService.java,execute,76,29,2,flow_checked
hello-travel-application/src/main/java/com/hellotravel/application/chat/OutboxDispatchAppService.java,<init>,85,20,0,single_operation_or_constructor_review
hello-travel-application/src/main/java/com/hellotravel/application/chat/OutboxDispatchAppService.java,dispatch,133,22,2,flow_checked
hello-travel-application/src/main/java/com/hellotravel/application/chat/OutboxDispatchAppService.java,deliver,187,17,1,flow_checked
hello-travel-application/src/main/java/com/hellotravel/application/chat/OutboxDispatchAppService.java,email,211,16,2,flow_checked
hello-travel-application/src/main/java/com/hellotravel/application/chat/OutboxDispatchAppService.java,complete,255,7,1,flow_checked
hello-travel-application/src/main/java/com/hellotravel/application/chat/OutboxDispatchAppService.java,recovery,290,5,1,flow_checked
hello-travel-application/src/main/java/com/hellotravel/application/chat/OutboxDispatchAppService.java,reconcile,310,5,0,single_operation_or_constructor_review
hello-travel-application/src/main/java/com/hellotravel/application/chat/OutboxDispatchAppService.java,shutdown,326,1,0,single_operation_or_constructor_review
hello-travel-application/src/main/java/com/hellotravel/application/chat/OutboxDispatchAppService.java,now,331,1,0,single_operation_or_constructor_review
hello-travel-application/src/main/java/com/hellotravel/application/chat/ReadChatRunAppService.java,<init>,46,1,0,single_operation_or_constructor_review
hello-travel-application/src/main/java/com/hellotravel/application/chat/ReadChatRunAppService.java,action,78,1,0,single_operation_or_constructor_review
hello-travel-application/src/main/java/com/hellotravel/application/chat/ReadChatRunAppService.java,execute,90,4,1,flow_checked
hello-travel-application/src/main/java/com/hellotravel/application/chat/RenameConversationAppService.java,<init>,46,1,0,single_operation_or_constructor_review
hello-travel-application/src/main/java/com/hellotravel/application/chat/RenameConversationAppService.java,action,78,1,0,single_operation_or_constructor_review
hello-travel-application/src/main/java/com/hellotravel/application/chat/RenameConversationAppService.java,execute,90,8,1,flow_checked
hello-travel-application/src/main/java/com/hellotravel/application/chat/RetryChatRunAppService.java,<init>,55,1,0,single_operation_or_constructor_review
hello-travel-application/src/main/java/com/hellotravel/application/chat/RetryChatRunAppService.java,action,87,1,0,single_operation_or_constructor_review
hello-travel-application/src/main/java/com/hellotravel/application/chat/RetryChatRunAppService.java,execute,99,16,1,flow_checked
hello-travel-application/src/main/java/com/hellotravel/application/chat/SubmitMessageAppService.java,<init>,58,1,0,single_operation_or_constructor_review
hello-travel-application/src/main/java/com/hellotravel/application/chat/SubmitMessageAppService.java,action,90,1,0,single_operation_or_constructor_review
hello-travel-application/src/main/java/com/hellotravel/application/chat/SubmitMessageAppService.java,execute,102,32,2,flow_checked
hello-travel-application/src/main/java/com/hellotravel/application/chat/SyncAppService.java,<init>,28,3,0,single_operation_or_constructor_review
hello-travel-application/src/main/java/com/hellotravel/application/chat/SyncAppService.java,synchronize,44,12,1,flow_checked
hello-travel-application/src/main/java/com/hellotravel/application/chat/TravelContextService.java,<init>,34,5,0,single_operation_or_constructor_review
hello-travel-application/src/main/java/com/hellotravel/application/chat/TravelContextService.java,prepare,54,13,1,flow_checked
hello-travel-application/src/main/java/com/hellotravel/application/chat/TravelContextService.java,ensureBudget,90,15,1,flow_checked
hello-travel-application/src/main/java/com/hellotravel/application/chat/TravelContextService.java,trustedContext,123,9,1,flow_checked
hello-travel-application/src/main/java/com/hellotravel/application/chat/TravelContextService.java,budgetJson,147,1,0,single_operation_or_constructor_review
hello-travel-application/src/main/java/com/hellotravel/application/chat/TravelContextService.java,checkpoint,162,1,0,single_operation_or_constructor_review
hello-travel-application/src/main/java/com/hellotravel/application/chat/TravelContextService.java,estimate,166,5,1,flow_checked
hello-travel-application/src/main/java/com/hellotravel/application/chat/TravelDialogueAppService.java,<init>,32,5,0,single_operation_or_constructor_review
hello-travel-application/src/main/java/com/hellotravel/application/chat/TravelDialogueAppService.java,answer,53,25,2,flow_checked
hello-travel-application/src/main/java/com/hellotravel/application/chat/TravelEvidenceCollectorAppService.java,<init>,28,3,0,single_operation_or_constructor_review
hello-travel-application/src/main/java/com/hellotravel/application/chat/TravelEvidenceCollectorAppService.java,collectDestinationEvidence,44,7,1,flow_checked
hello-travel-application/src/main/java/com/hellotravel/application/chat/TravelEvidenceCollectorAppService.java,collectRealtimeFacts,67,12,1,flow_checked
hello-travel-application/src/main/java/com/hellotravel/application/chat/assembler/ChatAppAssembler.java,conversation,33,1,0,single_operation_or_constructor_review
hello-travel-application/src/main/java/com/hellotravel/application/chat/assembler/ChatAppAssembler.java,message,50,1,0,single_operation_or_constructor_review
hello-travel-application/src/main/java/com/hellotravel/application/chat/assembler/ChatAppAssembler.java,run,69,1,0,single_operation_or_constructor_review
hello-travel-application/src/main/java/com/hellotravel/application/chat/assembler/ChatAppAssembler.java,bootstrap,87,1,0,single_operation_or_constructor_review
hello-travel-application/src/main/java/com/hellotravel/application/chat/assembler/ChatAppAssembler.java,tabs,100,3,1,flow_checked
hello-travel-application/src/main/java/com/hellotravel/application/chat/assembler/ChatAppAssembler.java,changed,124,1,0,single_operation_or_constructor_review
hello-travel-application/src/main/java/com/hellotravel/application/chat/assembler/ChatAppAssembler.java,history,147,3,1,flow_checked
hello-travel-application/src/main/java/com/hellotravel/application/chat/assembler/ChatAppAssembler.java,accepted,178,1,0,single_operation_or_constructor_review
hello-travel-application/src/main/java/com/hellotravel/application/chat/assembler/ChatAppAssembler.java,runSnapshot,204,1,0,single_operation_or_constructor_review
hello-travel-application/src/main/java/com/hellotravel/application/chat/assembler/ChatAppAssembler.java,completed,226,1,0,single_operation_or_constructor_review
hello-travel-application/src/main/java/com/hellotravel/application/chat/assembler/ChatAppAssembler.java,context,240,1,0,single_operation_or_constructor_review
hello-travel-application/src/main/java/com/hellotravel/application/chat/assembler/ChatAppAssembler.java,commandForRun,262,1,0,single_operation_or_constructor_review
hello-travel-application/src/main/java/com/hellotravel/application/chat/assembler/ChatDomainParamAssembler.java,conversation,29,1,0,single_operation_or_constructor_review
hello-travel-application/src/main/java/com/hellotravel/application/chat/assembler/ChatDomainParamAssembler.java,message,40,1,0,single_operation_or_constructor_review
hello-travel-application/src/main/java/com/hellotravel/application/chat/assembler/ChatDomainParamAssembler.java,chatRun,51,1,0,single_operation_or_constructor_review
hello-travel-application/src/main/java/com/hellotravel/application/chat/assembler/ChatDomainParamAssembler.java,modelInvocation,62,1,0,single_operation_or_constructor_review
hello-travel-application/src/main/java/com/hellotravel/application/chat/assembler/MemoryAgentAppAssembler.java,summary,41,1,0,single_operation_or_constructor_review
hello-travel-application/src/main/java/com/hellotravel/application/chat/assembler/MemoryAgentAppAssembler.java,extraction,52,1,0,single_operation_or_constructor_review
hello-travel-application/src/main/java/com/hellotravel/application/chat/assembler/MemoryContextAppAssembler.java,snapshot,27,6,1,flow_checked
hello-travel-application/src/main/java/com/hellotravel/application/chat/assembler/MemoryContextAppAssembler.java,initial,66,1,0,single_operation_or_constructor_review
hello-travel-application/src/main/java/com/hellotravel/application/chat/assembler/MemoryDomainParamAssembler.java,memorySummary,28,1,0,single_operation_or_constructor_review
hello-travel-application/src/main/java/com/hellotravel/application/chat/assembler/MemoryDomainParamAssembler.java,memoryFact,39,1,0,single_operation_or_constructor_review
hello-travel-application/src/main/java/com/hellotravel/application/chat/assembler/MemoryDomainParamAssembler.java,memoryFactSource,50,1,0,single_operation_or_constructor_review
hello-travel-application/src/main/java/com/hellotravel/application/chat/assembler/MemoryDomainParamAssembler.java,removeMemoryFactSource,61,1,0,single_operation_or_constructor_review
hello-travel-application/src/main/java/com/hellotravel/application/chat/assembler/SyncAppAssembler.java,event,25,1,0,single_operation_or_constructor_review
hello-travel-application/src/main/java/com/hellotravel/application/chat/assembler/SyncAppAssembler.java,page,43,3,1,flow_checked
hello-travel-application/src/main/java/com/hellotravel/application/chat/assembler/SyncDomainParamAssembler.java,syncEvent,26,1,0,single_operation_or_constructor_review
hello-travel-application/src/main/java/com/hellotravel/application/chat/assembler/SyncDomainParamAssembler.java,removeSyncEvent,37,1,0,single_operation_or_constructor_review
hello-travel-application/src/main/java/com/hellotravel/application/chat/assembler/SyncDomainParamAssembler.java,outboxEvent,48,1,0,single_operation_or_constructor_review
hello-travel-application/src/main/java/com/hellotravel/application/chat/assembler/TravelAppAssembler.java,generate,24,1,0,single_operation_or_constructor_review
hello-travel-application/src/main/java/com/hellotravel/application/chat/assembler/TravelAppAssembler.java,completed,34,1,0,single_operation_or_constructor_review
hello-travel-application/src/main/java/com/hellotravel/application/chat/assembler/TravelDialogueAppAssembler.java,<init>,33,1,0,single_operation_or_constructor_review
hello-travel-application/src/main/java/com/hellotravel/application/chat/assembler/TravelDialogueAppAssembler.java,command,45,1,0,single_operation_or_constructor_review
hello-travel-application/src/main/java/com/hellotravel/application/chat/assembler/TravelFactQueryAppAssembler.java,command,24,2,1,flow_checked
hello-travel-application/src/main/java/com/hellotravel/application/chat/assembler/TravelIntentAppAssembler.java,command,37,1,0,single_operation_or_constructor_review
hello-travel-application/src/main/java/com/hellotravel/application/chat/assembler/TravelPlanAppAssembler.java,<init>,46,1,0,single_operation_or_constructor_review
hello-travel-application/src/main/java/com/hellotravel/application/chat/assembler/TravelPlanAppAssembler.java,generation,57,1,0,single_operation_or_constructor_review
hello-travel-application/src/main/java/com/hellotravel/application/chat/assembler/TravelPlanAppAssembler.java,revision,71,1,0,single_operation_or_constructor_review
hello-travel-application/src/main/java/com/hellotravel/application/chat/assembler/TravelPlanAppAssembler.java,requestValidation,87,1,0,single_operation_or_constructor_review
hello-travel-application/src/main/java/com/hellotravel/application/chat/assembler/TravelPlanAppAssembler.java,draftValidation,99,1,0,single_operation_or_constructor_review
hello-travel-application/src/main/java/com/hellotravel/application/chat/assembler/TravelPlanAppAssembler.java,clarify,111,2,1,flow_checked
hello-travel-application/src/main/java/com/hellotravel/application/chat/assembler/TravelPlanAppAssembler.java,render,127,28,1,flow_checked
hello-travel-application/src/main/java/com/hellotravel/application/chat/assembler/TravelPlanAppAssembler.java,appendList,169,6,1,flow_checked
hello-travel-application/src/main/java/com/hellotravel/application/chat/command/MemoryAgentCommand.java,toString,18,1,0,single_operation_or_constructor_review
hello-travel-application/src/main/java/com/hellotravel/application/chat/command/TravelDialogueCommand.java,toString,23,1,0,single_operation_or_constructor_review
hello-travel-application/src/main/java/com/hellotravel/application/chat/command/TravelFactQueryCommand.java,requested,22,1,0,single_operation_or_constructor_review
hello-travel-application/src/main/java/com/hellotravel/application/chat/command/TravelIntentCommand.java,toString,18,1,0,single_operation_or_constructor_review
hello-travel-application/src/main/java/com/hellotravel/application/chat/command/TravelPlanGenerationCommand.java,toString,20,1,0,single_operation_or_constructor_review
hello-travel-application/src/main/java/com/hellotravel/application/chat/command/TravelPlanRevisionCommand.java,toString,26,1,0,single_operation_or_constructor_review
hello-travel-application/src/main/java/com/hellotravel/application/chat/context/policy/ChatContextPolicy.java,<init>,48,4,0,single_operation_or_constructor_review
hello-travel-application/src/main/java/com/hellotravel/application/chat/context/policy/ChatContextPolicy.java,budget,76,1,0,single_operation_or_constructor_review
hello-travel-application/src/main/java/com/hellotravel/application/chat/context/policy/ChatContextPolicy.java,outputReserve,86,1,0,single_operation_or_constructor_review
hello-travel-application/src/main/java/com/hellotravel/application/chat/context/policy/ChatContextPolicy.java,compressionInputLimit,96,1,0,single_operation_or_constructor_review
hello-travel-application/src/main/java/com/hellotravel/application/chat/context/policy/ChatContextPolicy.java,outputLimit,107,1,0,single_operation_or_constructor_review
hello-travel-application/src/main/java/com/hellotravel/application/chat/context/policy/ChatContextPolicy.java,accepts,122,5,1,flow_checked
hello-travel-application/src/main/java/com/hellotravel/application/chat/support/SyncEventPublisher.java,<init>,27,2,0,single_operation_or_constructor_review
hello-travel-application/src/main/java/com/hellotravel/application/chat/support/SyncEventPublisher.java,append,45,3,1,flow_checked
hello-travel-application/src/main/java/com/hellotravel/application/chat/support/SyncEventPublisher.java,outbox,87,2,1,flow_checked
hello-travel-application/src/main/java/com/hellotravel/application/chat/support/TravelConversationContext.java,<init>,111,1,0,single_operation_or_constructor_review
hello-travel-application/src/main/java/com/hellotravel/application/chat/support/TravelConversationContext.java,run,120,1,0,single_operation_or_constructor_review
hello-travel-application/src/main/java/com/hellotravel/application/chat/support/TravelConversationContext.java,input,129,1,0,single_operation_or_constructor_review
hello-travel-application/src/main/java/com/hellotravel/application/chat/support/TravelConversationContext.java,recent,138,1,0,single_operation_or_constructor_review
hello-travel-application/src/main/java/com/hellotravel/application/chat/support/TravelConversationContext.java,summary,147,1,0,single_operation_or_constructor_review
hello-travel-application/src/main/java/com/hellotravel/application/chat/support/TravelConversationContext.java,memoryFacts,156,1,0,single_operation_or_constructor_review
hello-travel-application/src/main/java/com/hellotravel/application/chat/support/TravelConversationContext.java,realtimeFacts,165,1,0,single_operation_or_constructor_review
hello-travel-application/src/main/java/com/hellotravel/application/chat/support/TravelConversationContext.java,sources,174,1,0,single_operation_or_constructor_review
hello-travel-application/src/main/java/com/hellotravel/application/chat/support/TravelConversationContext.java,intent,183,1,0,single_operation_or_constructor_review
hello-travel-application/src/main/java/com/hellotravel/application/chat/support/TravelConversationContext.java,draft,192,1,0,single_operation_or_constructor_review
hello-travel-application/src/main/java/com/hellotravel/application/chat/support/TravelConversationContext.java,validation,201,1,0,single_operation_or_constructor_review
hello-travel-application/src/main/java/com/hellotravel/application/chat/support/TravelConversationContext.java,answer,210,1,0,single_operation_or_constructor_review
hello-travel-application/src/main/java/com/hellotravel/application/chat/support/TravelConversationContext.java,compression,219,1,0,single_operation_or_constructor_review
hello-travel-application/src/main/java/com/hellotravel/application/chat/support/TravelConversationContext.java,estimatedTokens,228,1,0,single_operation_or_constructor_review
hello-travel-application/src/main/java/com/hellotravel/application/chat/support/TravelConversationContext.java,actualInputTokens,237,1,0,single_operation_or_constructor_review
hello-travel-application/src/main/java/com/hellotravel/application/chat/support/TravelConversationContext.java,actualOutputTokens,246,1,0,single_operation_or_constructor_review
hello-travel-application/src/main/java/com/hellotravel/application/chat/support/TravelConversationContext.java,revisionCount,255,1,0,single_operation_or_constructor_review
hello-travel-application/src/main/java/com/hellotravel/application/chat/support/TravelConversationContext.java,modelResponse,264,1,0,single_operation_or_constructor_review
hello-travel-application/src/main/java/com/hellotravel/application/chat/support/TravelConversationContext.java,load,276,4,1,flow_checked
hello-travel-application/src/main/java/com/hellotravel/application/chat/support/TravelConversationContext.java,replaceHistory,296,3,1,flow_checked
hello-travel-application/src/main/java/com/hellotravel/application/chat/support/TravelConversationContext.java,intent,309,1,0,single_operation_or_constructor_review
hello-travel-application/src/main/java/com/hellotravel/application/chat/support/TravelConversationContext.java,realtimeFacts,318,1,0,single_operation_or_constructor_review
hello-travel-application/src/main/java/com/hellotravel/application/chat/support/TravelConversationContext.java,sources,327,1,0,single_operation_or_constructor_review
hello-travel-application/src/main/java/com/hellotravel/application/chat/support/TravelConversationContext.java,draft,336,1,0,single_operation_or_constructor_review
hello-travel-application/src/main/java/com/hellotravel/application/chat/support/TravelConversationContext.java,validation,345,1,0,single_operation_or_constructor_review
hello-travel-application/src/main/java/com/hellotravel/application/chat/support/TravelConversationContext.java,answer,354,1,0,single_operation_or_constructor_review
hello-travel-application/src/main/java/com/hellotravel/application/chat/support/TravelConversationContext.java,estimatedTokens,363,1,0,single_operation_or_constructor_review
hello-travel-application/src/main/java/com/hellotravel/application/chat/support/TravelConversationContext.java,revisionCount,372,1,0,single_operation_or_constructor_review
hello-travel-application/src/main/java/com/hellotravel/application/chat/support/TravelConversationContext.java,modelResponse,381,4,1,flow_checked
hello-travel-application/src/main/java/com/hellotravel/application/chat/travel/TravelAppService.java,<init>,44,7,0,single_operation_or_constructor_review
hello-travel-application/src/main/java/com/hellotravel/application/chat/travel/TravelAppService.java,generate,68,20,2,flow_checked
hello-travel-application/src/main/java/com/hellotravel/application/chat/travel/TravelAppService.java,recognize,105,8,1,flow_checked
hello-travel-application/src/main/java/com/hellotravel/application/chat/travel/TravelAppService.java,route,129,5,1,flow_checked
hello-travel-application/src/main/java/com/hellotravel/application/chat/travel/TravelAppService.java,finalizeAnswer,143,4,1,flow_checked
hello-travel-application/src/main/java/com/hellotravel/application/chat/travel/TravelPlanningContextRegistry.java,register,34,4,1,flow_checked
hello-travel-application/src/main/java/com/hellotravel/application/chat/travel/TravelPlanningContextRegistry.java,require,51,4,1,flow_checked
hello-travel-application/src/main/java/com/hellotravel/application/chat/travel/TravelPlanningContextRegistry.java,remove,67,1,0,single_operation_or_constructor_review
hello-travel-application/src/main/java/com/hellotravel/application/chat/travel/TravelPlanningGraph.java,<init>,42,9,0,single_operation_or_constructor_review
hello-travel-application/src/main/java/com/hellotravel/application/chat/travel/TravelPlanningGraph.java,execute,70,11,2,flow_checked
hello-travel-application/src/main/java/com/hellotravel/application/chat/travel/TravelPlanningGraph.java,compileGraph,99,23,1,flow_checked
hello-travel-application/src/main/java/com/hellotravel/application/chat/travel/TravelPlanningGraph.java,routeAfterDraftValidation,175,6,1,flow_checked
hello-travel-application/src/main/java/com/hellotravel/application/chat/travel/TravelPlanningNode.java,<init>,72,1,0,single_operation_or_constructor_review
hello-travel-application/src/main/java/com/hellotravel/application/chat/travel/TravelPlanningNode.java,key,82,1,0,single_operation_or_constructor_review
hello-travel-application/src/main/java/com/hellotravel/application/chat/travel/TravelPlanningState.java,<init>,27,1,0,single_operation_or_constructor_review
hello-travel-application/src/main/java/com/hellotravel/application/chat/travel/TravelPlanningState.java,contextKey,37,1,0,single_operation_or_constructor_review
hello-travel-application/src/main/java/com/hellotravel/application/chat/travel/node/ClarifyTravelRequirementsNode.java,<init>,26,3,0,single_operation_or_constructor_review
hello-travel-application/src/main/java/com/hellotravel/application/chat/travel/node/ClarifyTravelRequirementsNode.java,execute,42,9,1,flow_checked
hello-travel-application/src/main/java/com/hellotravel/application/chat/travel/node/CollectDestinationEvidenceNode.java,<init>,26,3,0,single_operation_or_constructor_review
hello-travel-application/src/main/java/com/hellotravel/application/chat/travel/node/CollectDestinationEvidenceNode.java,execute,42,8,1,flow_checked
hello-travel-application/src/main/java/com/hellotravel/application/chat/travel/node/CollectRealtimeFactsNode.java,<init>,28,3,0,single_operation_or_constructor_review
hello-travel-application/src/main/java/com/hellotravel/application/chat/travel/node/CollectRealtimeFactsNode.java,execute,44,10,1,flow_checked
hello-travel-application/src/main/java/com/hellotravel/application/chat/travel/node/GenerateTravelDraftNode.java,<init>,31,4,0,single_operation_or_constructor_review
hello-travel-application/src/main/java/com/hellotravel/application/chat/travel/node/GenerateTravelDraftNode.java,execute,49,21,2,flow_checked
hello-travel-application/src/main/java/com/hellotravel/application/chat/travel/node/RenderTravelPlanNode.java,<init>,25,3,0,single_operation_or_constructor_review
hello-travel-application/src/main/java/com/hellotravel/application/chat/travel/node/RenderTravelPlanNode.java,execute,41,7,1,flow_checked
hello-travel-application/src/main/java/com/hellotravel/application/chat/travel/node/ReviseTravelDraftNode.java,<init>,30,4,0,single_operation_or_constructor_review
hello-travel-application/src/main/java/com/hellotravel/application/chat/travel/node/ReviseTravelDraftNode.java,execute,48,22,1,flow_checked
hello-travel-application/src/main/java/com/hellotravel/application/chat/travel/node/ValidateTravelDraftNode.java,<init>,29,4,0,single_operation_or_constructor_review
hello-travel-application/src/main/java/com/hellotravel/application/chat/travel/node/ValidateTravelDraftNode.java,execute,47,12,1,flow_checked
hello-travel-application/src/main/java/com/hellotravel/application/chat/travel/node/ValidateTravelRequestNode.java,<init>,29,4,0,single_operation_or_constructor_review
hello-travel-application/src/main/java/com/hellotravel/application/chat/travel/node/ValidateTravelRequestNode.java,execute,47,12,1,flow_checked
hello-travel-application/src/main/java/com/hellotravel/application/exception/ApplicationErrorCode.java,<init>,106,2,0,single_operation_or_constructor_review
hello-travel-application/src/main/java/com/hellotravel/application/exception/ApplicationErrorCode.java,code,117,1,0,single_operation_or_constructor_review
hello-travel-application/src/main/java/com/hellotravel/application/exception/ApplicationErrorCode.java,message,127,1,0,single_operation_or_constructor_review
hello-travel-application/src/main/java/com/hellotravel/application/exception/ApplicationErrorCode.java,status,137,1,0,single_operation_or_constructor_review
hello-travel-application/src/main/java/com/hellotravel/application/exception/ApplicationException.java,<init>,18,1,0,single_operation_or_constructor_review
hello-travel-application/src/main/java/com/hellotravel/application/exception/RunExecutionService.java,<init>,48,8,0,single_operation_or_constructor_review
hello-travel-application/src/main/java/com/hellotravel/application/exception/RunExecutionService.java,claim,74,18,2,flow_checked
hello-travel-application/src/main/java/com/hellotravel/application/exception/RunExecutionService.java,requireCurrent,143,5,1,flow_checked
hello-travel-application/src/main/java/com/hellotravel/application/exception/RunExecutionService.java,checkpoint,170,6,1,flow_checked
hello-travel-application/src/main/java/com/hellotravel/application/exception/RunExecutionService.java,progress,213,13,2,flow_checked
hello-travel-application/src/main/java/com/hellotravel/application/exception/RunExecutionService.java,invocation,284,5,1,flow_checked
hello-travel-application/src/main/java/com/hellotravel/application/exception/RunExecutionService.java,invocationComplete,323,5,1,flow_checked
hello-travel-application/src/main/java/com/hellotravel/application/exception/RunExecutionService.java,finalizeAnswer,364,11,1,flow_checked
hello-travel-application/src/main/java/com/hellotravel/application/exception/RunExecutionService.java,fail,430,9,1,flow_checked
hello-travel-application/src/main/java/com/hellotravel/application/exception/RunExecutionService.java,recoverExpired,479,11,1,flow_checked
hello-travel-application/src/main/java/com/hellotravel/application/exception/RunExecutionService.java,recoverAccepted,535,13,1,flow_checked
hello-travel-application/src/main/java/com/hellotravel/application/exception/RunExecutionService.java,now,588,1,0,single_operation_or_constructor_review
hello-travel-application/src/main/java/com/hellotravel/application/knowledge/DeleteKnowledgeDocumentAppService.java,<init>,45,1,0,single_operation_or_constructor_review
hello-travel-application/src/main/java/com/hellotravel/application/knowledge/DeleteKnowledgeDocumentAppService.java,action,75,1,0,single_operation_or_constructor_review
hello-travel-application/src/main/java/com/hellotravel/application/knowledge/DeleteKnowledgeDocumentAppService.java,execute,87,17,2,flow_checked
hello-travel-application/src/main/java/com/hellotravel/application/knowledge/KnowledgeAppService.java,<init>,37,6,0,single_operation_or_constructor_review
hello-travel-application/src/main/java/com/hellotravel/application/knowledge/KnowledgeAppService.java,manage,54,10,1,flow_checked
hello-travel-application/src/main/java/com/hellotravel/application/knowledge/KnowledgeDocumentSupport.java,<init>,98,10,0,single_operation_or_constructor_review
hello-travel-application/src/main/java/com/hellotravel/application/knowledge/KnowledgeDocumentSupport.java,owned,129,4,1,flow_checked
hello-travel-application/src/main/java/com/hellotravel/application/knowledge/KnowledgeDocumentSupport.java,job,145,2,1,flow_checked
hello-travel-application/src/main/java/com/hellotravel/application/knowledge/KnowledgeIndexJobAppService.java,<init>,77,14,0,single_operation_or_constructor_review
hello-travel-application/src/main/java/com/hellotravel/application/knowledge/KnowledgeIndexJobAppService.java,execute,114,24,2,flow_checked
hello-travel-application/src/main/java/com/hellotravel/application/knowledge/KnowledgeIndexJobAppService.java,split,162,9,1,flow_checked
hello-travel-application/src/main/java/com/hellotravel/application/knowledge/KnowledgeIndexJobAppService.java,current,177,4,1,flow_checked
hello-travel-application/src/main/java/com/hellotravel/application/knowledge/KnowledgeIndexJobAppService.java,state,191,7,1,flow_checked
hello-travel-application/src/main/java/com/hellotravel/application/knowledge/KnowledgeIndexJobAppService.java,finish,223,13,1,flow_checked
hello-travel-application/src/main/java/com/hellotravel/application/knowledge/KnowledgeIndexJobAppService.java,reconcile,281,34,2,flow_checked
hello-travel-application/src/main/java/com/hellotravel/application/knowledge/KnowledgeIndexJobAppService.java,sweepOrphans,372,14,1,flow_checked
hello-travel-application/src/main/java/com/hellotravel/application/knowledge/KnowledgeIndexJobAppService.java,require,400,2,0,single_operation_or_constructor_review
hello-travel-application/src/main/java/com/hellotravel/application/knowledge/KnowledgeIndexJobAppService.java,now,407,1,0,single_operation_or_constructor_review
hello-travel-application/src/main/java/com/hellotravel/application/knowledge/KnowledgeIndexJobAppService.java,claim,411,9,2,flow_checked
hello-travel-application/src/main/java/com/hellotravel/application/knowledge/KnowledgeIndexJobAppService.java,deleteArtifacts,438,5,1,flow_checked
hello-travel-application/src/main/java/com/hellotravel/application/knowledge/KnowledgeIndexJobAppService.java,indexBatch,451,29,3,flow_checked
hello-travel-application/src/main/java/com/hellotravel/application/knowledge/ListKnowledgeDocumentsAppService.java,<init>,42,1,0,single_operation_or_constructor_review
hello-travel-application/src/main/java/com/hellotravel/application/knowledge/ListKnowledgeDocumentsAppService.java,action,72,1,0,single_operation_or_constructor_review
hello-travel-application/src/main/java/com/hellotravel/application/knowledge/ListKnowledgeDocumentsAppService.java,execute,84,3,1,flow_checked
hello-travel-application/src/main/java/com/hellotravel/application/knowledge/RagRetrievalAppService.java,<init>,37,8,0,single_operation_or_constructor_review
hello-travel-application/src/main/java/com/hellotravel/application/knowledge/RagRetrievalAppService.java,retrieve,64,25,1,flow_checked
hello-travel-application/src/main/java/com/hellotravel/application/knowledge/ReadKnowledgeDocumentAppService.java,<init>,41,1,0,single_operation_or_constructor_review
hello-travel-application/src/main/java/com/hellotravel/application/knowledge/ReadKnowledgeDocumentAppService.java,action,71,1,0,single_operation_or_constructor_review
hello-travel-application/src/main/java/com/hellotravel/application/knowledge/ReadKnowledgeDocumentAppService.java,execute,83,1,0,single_operation_or_constructor_review
hello-travel-application/src/main/java/com/hellotravel/application/knowledge/RetryKnowledgeDocumentAppService.java,<init>,45,1,0,single_operation_or_constructor_review
hello-travel-application/src/main/java/com/hellotravel/application/knowledge/RetryKnowledgeDocumentAppService.java,action,75,1,0,single_operation_or_constructor_review
hello-travel-application/src/main/java/com/hellotravel/application/knowledge/RetryKnowledgeDocumentAppService.java,execute,87,17,2,flow_checked
hello-travel-application/src/main/java/com/hellotravel/application/knowledge/UploadKnowledgeDocumentAppService.java,<init>,45,1,0,single_operation_or_constructor_review
hello-travel-application/src/main/java/com/hellotravel/application/knowledge/UploadKnowledgeDocumentAppService.java,action,75,1,0,single_operation_or_constructor_review
hello-travel-application/src/main/java/com/hellotravel/application/knowledge/UploadKnowledgeDocumentAppService.java,execute,87,20,2,flow_checked
hello-travel-application/src/main/java/com/hellotravel/application/knowledge/assembler/FileCommandAppAssembler.java,save,23,1,0,single_operation_or_constructor_review
hello-travel-application/src/main/java/com/hellotravel/application/knowledge/assembler/FileCommandAppAssembler.java,delete,34,1,0,single_operation_or_constructor_review
hello-travel-application/src/main/java/com/hellotravel/application/knowledge/assembler/FileCommandAppAssembler.java,scan,45,1,0,single_operation_or_constructor_review
hello-travel-application/src/main/java/com/hellotravel/application/knowledge/assembler/KnowledgeAppAssembler.java,document,36,1,0,single_operation_or_constructor_review
hello-travel-application/src/main/java/com/hellotravel/application/knowledge/assembler/KnowledgeAppAssembler.java,single,64,1,0,single_operation_or_constructor_review
hello-travel-application/src/main/java/com/hellotravel/application/knowledge/assembler/KnowledgeAppAssembler.java,page,77,2,0,single_operation_or_constructor_review
hello-travel-application/src/main/java/com/hellotravel/application/knowledge/assembler/KnowledgeAppAssembler.java,received,93,2,1,flow_checked
hello-travel-application/src/main/java/com/hellotravel/application/knowledge/assembler/KnowledgeDomainParamAssembler.java,knowledgeDocument,27,1,0,single_operation_or_constructor_review
hello-travel-application/src/main/java/com/hellotravel/application/knowledge/assembler/KnowledgeDomainParamAssembler.java,knowledgeChunk,38,1,0,single_operation_or_constructor_review
hello-travel-application/src/main/java/com/hellotravel/application/knowledge/assembler/KnowledgeDomainParamAssembler.java,indexJob,49,1,0,single_operation_or_constructor_review
hello-travel-application/src/main/java/com/hellotravel/application/knowledge/assembler/KnowledgeEmbeddingAppAssembler.java,command,24,1,0,single_operation_or_constructor_review
hello-travel-application/src/main/java/com/hellotravel/application/knowledge/assembler/VectorCommandAppAssembler.java,search,28,1,0,single_operation_or_constructor_review
hello-travel-application/src/main/java/com/hellotravel/application/knowledge/assembler/VectorCommandAppAssembler.java,delete,41,1,0,single_operation_or_constructor_review
hello-travel-application/src/main/java/com/hellotravel/application/knowledge/assembler/VectorCommandAppAssembler.java,reconcile,60,1,0,single_operation_or_constructor_review
hello-travel-application/src/main/java/com/hellotravel/application/knowledge/assembler/VectorCommandAppAssembler.java,upsert,76,1,0,single_operation_or_constructor_review
hello-travel-application/src/main/java/com/hellotravel/application/knowledge/assembler/VectorCommandAppAssembler.java,item,99,1,0,single_operation_or_constructor_review
hello-travel-application/src/main/java/com/hellotravel/application/knowledge/command/KnowledgeEmbeddingCommand.java,toString,17,1,0,single_operation_or_constructor_review
hello-travel-application/src/main/java/com/hellotravel/application/knowledge/policy/KnowledgeIndexPolicy.java,<init>,24,0,0,single_operation_or_constructor_review
hello-travel-application/src/main/java/com/hellotravel/application/knowledge/policy/KnowledgeIndexPolicy.java,model,33,1,0,single_operation_or_constructor_review
hello-travel-application/src/main/java/com/hellotravel/application/knowledge/policy/KnowledgeIndexPolicy.java,dimensions,43,1,0,single_operation_or_constructor_review
hello-travel-application/src/main/java/com/hellotravel/application/knowledge/policy/KnowledgeIndexPolicy.java,collection,53,1,0,single_operation_or_constructor_review
hello-travel-application/src/main/java/com/hellotravel/application/knowledge/policy/KnowledgeIndexPolicy.java,profile,63,1,0,single_operation_or_constructor_review
hello-travel-application/src/main/java/com/hellotravel/application/support/ApplicationFailures.java,<init>,24,0,0,single_operation_or_constructor_review
hello-travel-application/src/main/java/com/hellotravel/application/support/ApplicationFailures.java,capture,35,7,1,flow_checked
hello-travel-application/src/main/java/com/hellotravel/application/support/ApplicationFailures.java,required,61,7,1,flow_checked
hello-travel-application/src/main/java/com/hellotravel/application/tx/Transactions.java,<init>,33,4,0,single_operation_or_constructor_review
hello-travel-application/src/main/java/com/hellotravel/application/tx/Transactions.java,plain,52,4,1,flow_checked
hello-travel-application/src/main/java/com/hellotravel/application/tx/Transactions.java,snapshot,69,6,1,flow_checked
hello-travel-application/src/main/java/com/hellotravel/application/tx/Transactions.java,mutate,90,18,2,flow_checked
hello-travel-application/src/main/java/com/hellotravel/application/tx/Transactions.java,require,138,2,0,single_operation_or_constructor_review
hello-travel-client/src/main/java/com/hellotravel/client/auth/request/AuthRequest.java,toString,22,1,0,single_operation_or_constructor_review
hello-travel-client/src/main/java/com/hellotravel/client/auth/response/AuthResponse.java,toString,28,1,0,single_operation_or_constructor_review
hello-travel-common/src/main/java/com/hellotravel/common/error/BaseException.java,<init>,23,2,0,single_operation_or_constructor_review
hello-travel-common/src/main/java/com/hellotravel/common/error/BaseException.java,errorCode,34,1,0,single_operation_or_constructor_review
hello-travel-common/src/main/java/com/hellotravel/common/error/Failures.java,<init>,17,0,0,single_operation_or_constructor_review
hello-travel-common/src/main/java/com/hellotravel/common/error/Failures.java,capture,29,4,1,flow_checked
hello-travel-common/src/main/java/com/hellotravel/common/identity/Ids.java,<init>,36,0,0,single_operation_or_constructor_review
hello-travel-common/src/main/java/com/hellotravel/common/identity/Ids.java,next,45,16,1,flow_checked
hello-travel-common/src/main/java/com/hellotravel/common/identity/Ids.java,token,75,3,1,flow_checked
hello-travel-common/src/main/java/com/hellotravel/common/identity/Ids.java,hash,91,4,0,single_operation_or_constructor_review
hello-travel-common/src/main/java/com/hellotravel/common/result/Result.java,success,25,1,0,single_operation_or_constructor_review
hello-travel-common/src/main/java/com/hellotravel/common/result/Result.java,failure,37,1,0,single_operation_or_constructor_review
hello-travel-common/src/main/java/com/hellotravel/common/result/Result.java,require,47,3,1,flow_checked
hello-travel-domain/src/main/java/com/hellotravel/domain/auth/model/aggregate/DeviceAggregate.java,assertComplete,20,2,0,single_operation_or_constructor_review
hello-travel-domain/src/main/java/com/hellotravel/domain/auth/model/aggregate/DeviceAggregate.java,idForPersistence,33,1,0,single_operation_or_constructor_review
hello-travel-domain/src/main/java/com/hellotravel/domain/auth/model/aggregate/DeviceAggregate.java,assertWritableAgainst,43,3,1,flow_checked
hello-travel-domain/src/main/java/com/hellotravel/domain/auth/model/aggregate/DeviceAggregate.java,browser,61,1,0,single_operation_or_constructor_review
hello-travel-domain/src/main/java/com/hellotravel/domain/auth/model/aggregate/EmailChallengeAggregate.java,assertComplete,20,2,0,single_operation_or_constructor_review
hello-travel-domain/src/main/java/com/hellotravel/domain/auth/model/aggregate/EmailChallengeAggregate.java,idForPersistence,33,1,0,single_operation_or_constructor_review
hello-travel-domain/src/main/java/com/hellotravel/domain/auth/model/aggregate/EmailChallengeAggregate.java,assertWritableAgainst,43,3,1,flow_checked
hello-travel-domain/src/main/java/com/hellotravel/domain/auth/model/aggregate/EmailChallengeAggregate.java,consume,58,1,0,single_operation_or_constructor_review
hello-travel-domain/src/main/java/com/hellotravel/domain/auth/model/aggregate/EmailChallengeAggregate.java,failedAttempt,69,1,0,single_operation_or_constructor_review
hello-travel-domain/src/main/java/com/hellotravel/domain/auth/model/aggregate/EmailChallengeAggregate.java,delivery,81,1,0,single_operation_or_constructor_review
hello-travel-domain/src/main/java/com/hellotravel/domain/auth/model/aggregate/EmailChallengeAggregate.java,pendingDelivery,100,1,0,single_operation_or_constructor_review
hello-travel-domain/src/main/java/com/hellotravel/domain/auth/model/aggregate/LoginSessionAggregate.java,assertComplete,22,2,0,single_operation_or_constructor_review
hello-travel-domain/src/main/java/com/hellotravel/domain/auth/model/aggregate/LoginSessionAggregate.java,idForPersistence,35,1,0,single_operation_or_constructor_review
hello-travel-domain/src/main/java/com/hellotravel/domain/auth/model/aggregate/LoginSessionAggregate.java,assertWritableAgainst,45,3,1,flow_checked
hello-travel-domain/src/main/java/com/hellotravel/domain/auth/model/aggregate/LoginSessionAggregate.java,revoke,61,1,0,single_operation_or_constructor_review
hello-travel-domain/src/main/java/com/hellotravel/domain/auth/model/aggregate/LoginSessionAggregate.java,rotate,76,1,0,single_operation_or_constructor_review
hello-travel-domain/src/main/java/com/hellotravel/domain/auth/model/aggregate/LoginSessionAggregate.java,issue,95,1,0,single_operation_or_constructor_review
hello-travel-domain/src/main/java/com/hellotravel/domain/auth/model/aggregate/RefreshReceiptAggregate.java,assertComplete,20,2,0,single_operation_or_constructor_review
hello-travel-domain/src/main/java/com/hellotravel/domain/auth/model/aggregate/RefreshReceiptAggregate.java,idForPersistence,33,1,0,single_operation_or_constructor_review
hello-travel-domain/src/main/java/com/hellotravel/domain/auth/model/aggregate/RefreshReceiptAggregate.java,assertWritableAgainst,43,3,1,flow_checked
hello-travel-domain/src/main/java/com/hellotravel/domain/auth/model/aggregate/RefreshReceiptAggregate.java,consumed,63,1,0,single_operation_or_constructor_review
hello-travel-domain/src/main/java/com/hellotravel/domain/auth/model/aggregate/UserAccountAggregate.java,assertComplete,20,2,0,single_operation_or_constructor_review
hello-travel-domain/src/main/java/com/hellotravel/domain/auth/model/aggregate/UserAccountAggregate.java,idForPersistence,33,1,0,single_operation_or_constructor_review
hello-travel-domain/src/main/java/com/hellotravel/domain/auth/model/aggregate/UserAccountAggregate.java,assertWritableAgainst,43,3,1,flow_checked
hello-travel-domain/src/main/java/com/hellotravel/domain/auth/model/aggregate/UserAccountAggregate.java,advanceSync,58,1,0,single_operation_or_constructor_review
hello-travel-domain/src/main/java/com/hellotravel/domain/auth/model/aggregate/UserAccountAggregate.java,resetPassword,70,1,0,single_operation_or_constructor_review
hello-travel-domain/src/main/java/com/hellotravel/domain/auth/model/aggregate/UserAccountAggregate.java,registered,86,1,0,single_operation_or_constructor_review
hello-travel-domain/src/main/java/com/hellotravel/domain/auth/model/entity/DeviceEntity.java,<init>,37,1,0,single_operation_or_constructor_review
hello-travel-domain/src/main/java/com/hellotravel/domain/auth/model/entity/DeviceEntity.java,toString,48,1,0,single_operation_or_constructor_review
hello-travel-domain/src/main/java/com/hellotravel/domain/auth/model/entity/DeviceEntity.java,deviceKeyHash,59,1,0,single_operation_or_constructor_review
hello-travel-domain/src/main/java/com/hellotravel/domain/auth/model/entity/DeviceEntity.java,browser,72,2,1,flow_checked
hello-travel-domain/src/main/java/com/hellotravel/domain/auth/model/entity/DeviceEntity.java,assertUpdateAgainst,85,6,1,flow_checked
hello-travel-domain/src/main/java/com/hellotravel/domain/auth/model/entity/EmailChallengeEntity.java,<init>,50,2,0,single_operation_or_constructor_review
hello-travel-domain/src/main/java/com/hellotravel/domain/auth/model/entity/EmailChallengeEntity.java,consume,62,3,1,flow_checked
hello-travel-domain/src/main/java/com/hellotravel/domain/auth/model/entity/EmailChallengeEntity.java,failedAttempt,94,2,1,flow_checked
hello-travel-domain/src/main/java/com/hellotravel/domain/auth/model/entity/EmailChallengeEntity.java,delivery,124,1,0,single_operation_or_constructor_review
hello-travel-domain/src/main/java/com/hellotravel/domain/auth/model/entity/EmailChallengeEntity.java,toString,151,1,0,single_operation_or_constructor_review
hello-travel-domain/src/main/java/com/hellotravel/domain/auth/model/entity/EmailChallengeEntity.java,codeHmac,162,1,0,single_operation_or_constructor_review
hello-travel-domain/src/main/java/com/hellotravel/domain/auth/model/entity/EmailChallengeEntity.java,deliveryCiphertext,173,1,0,single_operation_or_constructor_review
hello-travel-domain/src/main/java/com/hellotravel/domain/auth/model/entity/EmailChallengeEntity.java,assertUpdateAgainst,184,4,1,flow_checked
hello-travel-domain/src/main/java/com/hellotravel/domain/auth/model/entity/EmailChallengeEntity.java,pendingDelivery,209,1,0,single_operation_or_constructor_review
hello-travel-domain/src/main/java/com/hellotravel/domain/auth/model/entity/LoginSessionEntity.java,<init>,53,3,0,single_operation_or_constructor_review
hello-travel-domain/src/main/java/com/hellotravel/domain/auth/model/entity/LoginSessionEntity.java,revoke,67,1,0,single_operation_or_constructor_review
hello-travel-domain/src/main/java/com/hellotravel/domain/auth/model/entity/LoginSessionEntity.java,rotate,99,3,1,flow_checked
hello-travel-domain/src/main/java/com/hellotravel/domain/auth/model/entity/LoginSessionEntity.java,toString,132,1,0,single_operation_or_constructor_review
hello-travel-domain/src/main/java/com/hellotravel/domain/auth/model/entity/LoginSessionEntity.java,accessTokenHash,143,1,0,single_operation_or_constructor_review
hello-travel-domain/src/main/java/com/hellotravel/domain/auth/model/entity/LoginSessionEntity.java,refreshTokenHash,153,1,0,single_operation_or_constructor_review
hello-travel-domain/src/main/java/com/hellotravel/domain/auth/model/entity/LoginSessionEntity.java,csrfTokenHash,163,1,0,single_operation_or_constructor_review
hello-travel-domain/src/main/java/com/hellotravel/domain/auth/model/entity/LoginSessionEntity.java,issue,180,4,1,flow_checked
hello-travel-domain/src/main/java/com/hellotravel/domain/auth/model/entity/LoginSessionEntity.java,assertUpdateAgainst,221,8,1,flow_checked
hello-travel-domain/src/main/java/com/hellotravel/domain/auth/model/entity/RefreshReceiptEntity.java,<init>,30,1,0,single_operation_or_constructor_review
hello-travel-domain/src/main/java/com/hellotravel/domain/auth/model/entity/RefreshReceiptEntity.java,toString,41,1,0,single_operation_or_constructor_review
hello-travel-domain/src/main/java/com/hellotravel/domain/auth/model/entity/RefreshReceiptEntity.java,tokenHash,52,1,0,single_operation_or_constructor_review
hello-travel-domain/src/main/java/com/hellotravel/domain/auth/model/entity/RefreshReceiptEntity.java,assertUpdateAgainst,62,2,0,single_operation_or_constructor_review
hello-travel-domain/src/main/java/com/hellotravel/domain/auth/model/entity/RefreshReceiptEntity.java,consumed,80,1,0,single_operation_or_constructor_review
hello-travel-domain/src/main/java/com/hellotravel/domain/auth/model/entity/UserAccountEntity.java,advanceSync,42,3,1,flow_checked
hello-travel-domain/src/main/java/com/hellotravel/domain/auth/model/entity/UserAccountEntity.java,resetPassword,69,1,0,single_operation_or_constructor_review
hello-travel-domain/src/main/java/com/hellotravel/domain/auth/model/entity/UserAccountEntity.java,toString,91,1,0,single_operation_or_constructor_review
hello-travel-domain/src/main/java/com/hellotravel/domain/auth/model/entity/UserAccountEntity.java,assertUpdateAgainst,102,4,1,flow_checked
hello-travel-domain/src/main/java/com/hellotravel/domain/auth/model/entity/UserAccountEntity.java,registered,124,3,1,flow_checked
hello-travel-domain/src/main/java/com/hellotravel/domain/auth/model/value/SessionCredentialsValue.java,<init>,19,5,0,single_operation_or_constructor_review
hello-travel-domain/src/main/java/com/hellotravel/domain/auth/model/value/SessionCredentialsValue.java,accessHash,36,1,0,single_operation_or_constructor_review
hello-travel-domain/src/main/java/com/hellotravel/domain/auth/model/value/SessionCredentialsValue.java,refreshHash,46,1,0,single_operation_or_constructor_review
hello-travel-domain/src/main/java/com/hellotravel/domain/auth/model/value/SessionCredentialsValue.java,csrfHash,56,1,0,single_operation_or_constructor_review
hello-travel-domain/src/main/java/com/hellotravel/domain/auth/model/value/SessionCredentialsValue.java,toString,66,1,0,single_operation_or_constructor_review
hello-travel-domain/src/main/java/com/hellotravel/domain/auth/service/AuthDomainService.java,<init>,35,5,0,single_operation_or_constructor_review
hello-travel-domain/src/main/java/com/hellotravel/domain/auth/service/AuthDomainService.java,saveUserAccount,55,14,1,flow_checked
hello-travel-domain/src/main/java/com/hellotravel/domain/auth/service/AuthDomainService.java,saveDevice,90,14,1,flow_checked
hello-travel-domain/src/main/java/com/hellotravel/domain/auth/service/AuthDomainService.java,saveLoginSession,125,14,1,flow_checked
hello-travel-domain/src/main/java/com/hellotravel/domain/auth/service/AuthDomainService.java,saveEmailChallenge,160,14,1,flow_checked
hello-travel-domain/src/main/java/com/hellotravel/domain/auth/service/AuthDomainService.java,saveRefreshReceipt,195,14,1,flow_checked
hello-travel-domain/src/main/java/com/hellotravel/domain/auth/service/AuthDomainService.java,removeRefreshReceipt,230,6,1,flow_checked
hello-travel-domain/src/main/java/com/hellotravel/domain/chat/model/aggregate/ChatRunAggregate.java,assertComplete,23,2,0,single_operation_or_constructor_review
hello-travel-domain/src/main/java/com/hellotravel/domain/chat/model/aggregate/ChatRunAggregate.java,idForPersistence,36,1,0,single_operation_or_constructor_review
hello-travel-domain/src/main/java/com/hellotravel/domain/chat/model/aggregate/ChatRunAggregate.java,assertWritableAgainst,46,3,1,flow_checked
hello-travel-domain/src/main/java/com/hellotravel/domain/chat/model/aggregate/ChatRunAggregate.java,claim,62,1,0,single_operation_or_constructor_review
hello-travel-domain/src/main/java/com/hellotravel/domain/chat/model/aggregate/ChatRunAggregate.java,finish,75,1,0,single_operation_or_constructor_review
hello-travel-domain/src/main/java/com/hellotravel/domain/chat/model/aggregate/ChatRunAggregate.java,retry,87,1,0,single_operation_or_constructor_review
hello-travel-domain/src/main/java/com/hellotravel/domain/chat/model/aggregate/ChatRunAggregate.java,checkpoint,101,1,0,single_operation_or_constructor_review
hello-travel-domain/src/main/java/com/hellotravel/domain/chat/model/aggregate/ChatRunAggregate.java,accepted,119,1,0,single_operation_or_constructor_review
hello-travel-domain/src/main/java/com/hellotravel/domain/chat/model/aggregate/ChatRunAggregate.java,contextBudget,143,1,0,single_operation_or_constructor_review
hello-travel-domain/src/main/java/com/hellotravel/domain/chat/model/aggregate/ConversationAggregate.java,assertComplete,20,2,0,single_operation_or_constructor_review
hello-travel-domain/src/main/java/com/hellotravel/domain/chat/model/aggregate/ConversationAggregate.java,idForPersistence,33,1,0,single_operation_or_constructor_review
hello-travel-domain/src/main/java/com/hellotravel/domain/chat/model/aggregate/ConversationAggregate.java,assertWritableAgainst,43,3,1,flow_checked
hello-travel-domain/src/main/java/com/hellotravel/domain/chat/model/aggregate/ConversationAggregate.java,appendPair,58,1,0,single_operation_or_constructor_review
hello-travel-domain/src/main/java/com/hellotravel/domain/chat/model/aggregate/ConversationAggregate.java,rename,70,1,0,single_operation_or_constructor_review
hello-travel-domain/src/main/java/com/hellotravel/domain/chat/model/aggregate/ConversationAggregate.java,eraseHistory,82,1,0,single_operation_or_constructor_review
hello-travel-domain/src/main/java/com/hellotravel/domain/chat/model/aggregate/ConversationAggregate.java,started,98,1,0,single_operation_or_constructor_review
hello-travel-domain/src/main/java/com/hellotravel/domain/chat/model/aggregate/MessageAggregate.java,assertComplete,21,2,0,single_operation_or_constructor_review
hello-travel-domain/src/main/java/com/hellotravel/domain/chat/model/aggregate/MessageAggregate.java,idForPersistence,34,1,0,single_operation_or_constructor_review
hello-travel-domain/src/main/java/com/hellotravel/domain/chat/model/aggregate/MessageAggregate.java,assertWritableAgainst,44,3,1,flow_checked
hello-travel-domain/src/main/java/com/hellotravel/domain/chat/model/aggregate/MessageAggregate.java,progress,62,1,0,single_operation_or_constructor_review
hello-travel-domain/src/main/java/com/hellotravel/domain/chat/model/aggregate/MessageAggregate.java,erase,73,1,0,single_operation_or_constructor_review
hello-travel-domain/src/main/java/com/hellotravel/domain/chat/model/aggregate/MessageAggregate.java,userInput,87,1,0,single_operation_or_constructor_review
hello-travel-domain/src/main/java/com/hellotravel/domain/chat/model/aggregate/MessageAggregate.java,assistantPlaceholder,101,1,0,single_operation_or_constructor_review
hello-travel-domain/src/main/java/com/hellotravel/domain/chat/model/aggregate/ModelInvocationAggregate.java,assertComplete,20,2,0,single_operation_or_constructor_review
hello-travel-domain/src/main/java/com/hellotravel/domain/chat/model/aggregate/ModelInvocationAggregate.java,idForPersistence,33,1,0,single_operation_or_constructor_review
hello-travel-domain/src/main/java/com/hellotravel/domain/chat/model/aggregate/ModelInvocationAggregate.java,assertWritableAgainst,43,3,1,flow_checked
hello-travel-domain/src/main/java/com/hellotravel/domain/chat/model/aggregate/ModelInvocationAggregate.java,extractionCompleted,63,1,0,single_operation_or_constructor_review
hello-travel-domain/src/main/java/com/hellotravel/domain/chat/model/aggregate/ModelInvocationAggregate.java,extractionStarted,88,1,0,single_operation_or_constructor_review
hello-travel-domain/src/main/java/com/hellotravel/domain/chat/model/aggregate/ModelInvocationAggregate.java,started,123,1,0,single_operation_or_constructor_review
hello-travel-domain/src/main/java/com/hellotravel/domain/chat/model/aggregate/ModelInvocationAggregate.java,completed,161,1,0,single_operation_or_constructor_review
hello-travel-domain/src/main/java/com/hellotravel/domain/chat/model/entity/ChatRunEntity.java,<init>,71,1,0,single_operation_or_constructor_review
hello-travel-domain/src/main/java/com/hellotravel/domain/chat/model/entity/ChatRunEntity.java,claim,83,3,1,flow_checked
hello-travel-domain/src/main/java/com/hellotravel/domain/chat/model/entity/ChatRunEntity.java,finish,125,1,0,single_operation_or_constructor_review
hello-travel-domain/src/main/java/com/hellotravel/domain/chat/model/entity/ChatRunEntity.java,retry,162,3,1,flow_checked
hello-travel-domain/src/main/java/com/hellotravel/domain/chat/model/entity/ChatRunEntity.java,checkpoint,205,1,0,single_operation_or_constructor_review
hello-travel-domain/src/main/java/com/hellotravel/domain/chat/model/entity/ChatRunEntity.java,toString,241,1,0,single_operation_or_constructor_review
hello-travel-domain/src/main/java/com/hellotravel/domain/chat/model/entity/ChatRunEntity.java,requestDigest,252,1,0,single_operation_or_constructor_review
hello-travel-domain/src/main/java/com/hellotravel/domain/chat/model/entity/ChatRunEntity.java,accepted,270,4,1,flow_checked
hello-travel-domain/src/main/java/com/hellotravel/domain/chat/model/entity/ChatRunEntity.java,assertUpdateAgainst,326,8,1,flow_checked
hello-travel-domain/src/main/java/com/hellotravel/domain/chat/model/entity/ChatRunEntity.java,contextBudget,355,1,0,single_operation_or_constructor_review
hello-travel-domain/src/main/java/com/hellotravel/domain/chat/model/entity/ConversationEntity.java,appendPair,44,3,1,flow_checked
hello-travel-domain/src/main/java/com/hellotravel/domain/chat/model/entity/ConversationEntity.java,rename,72,2,1,flow_checked
hello-travel-domain/src/main/java/com/hellotravel/domain/chat/model/entity/ConversationEntity.java,eraseHistory,98,1,0,single_operation_or_constructor_review
hello-travel-domain/src/main/java/com/hellotravel/domain/chat/model/entity/ConversationEntity.java,toString,121,1,0,single_operation_or_constructor_review
hello-travel-domain/src/main/java/com/hellotravel/domain/chat/model/entity/ConversationEntity.java,assertUpdateAgainst,132,8,1,flow_checked
hello-travel-domain/src/main/java/com/hellotravel/domain/chat/model/entity/ConversationEntity.java,started,162,4,1,flow_checked
hello-travel-domain/src/main/java/com/hellotravel/domain/chat/model/entity/ConversationEntity.java,normalizedTitle,197,3,1,flow_checked
hello-travel-domain/src/main/java/com/hellotravel/domain/chat/model/entity/MessageEntity.java,progress,49,3,1,flow_checked
hello-travel-domain/src/main/java/com/hellotravel/domain/chat/model/entity/MessageEntity.java,erase,79,1,0,single_operation_or_constructor_review
hello-travel-domain/src/main/java/com/hellotravel/domain/chat/model/entity/MessageEntity.java,toString,103,1,0,single_operation_or_constructor_review
hello-travel-domain/src/main/java/com/hellotravel/domain/chat/model/entity/MessageEntity.java,userInput,117,4,1,flow_checked
hello-travel-domain/src/main/java/com/hellotravel/domain/chat/model/entity/MessageEntity.java,assistantPlaceholder,149,4,1,flow_checked
hello-travel-domain/src/main/java/com/hellotravel/domain/chat/model/entity/MessageEntity.java,assertUpdateAgainst,179,10,1,flow_checked
hello-travel-domain/src/main/java/com/hellotravel/domain/chat/model/entity/ModelInvocationEntity.java,toString,66,1,0,single_operation_or_constructor_review
hello-travel-domain/src/main/java/com/hellotravel/domain/chat/model/entity/ModelInvocationEntity.java,assertUpdateAgainst,77,8,1,flow_checked
hello-travel-domain/src/main/java/com/hellotravel/domain/chat/model/entity/ModelInvocationEntity.java,extractionCompleted,107,1,0,single_operation_or_constructor_review
hello-travel-domain/src/main/java/com/hellotravel/domain/chat/model/entity/ModelInvocationEntity.java,extractionStarted,152,1,0,single_operation_or_constructor_review
hello-travel-domain/src/main/java/com/hellotravel/domain/chat/model/entity/ModelInvocationEntity.java,started,201,1,0,single_operation_or_constructor_review
hello-travel-domain/src/main/java/com/hellotravel/domain/chat/model/entity/ModelInvocationEntity.java,completed,251,1,0,single_operation_or_constructor_review
hello-travel-domain/src/main/java/com/hellotravel/domain/chat/service/ChatDomainService.java,<init>,31,4,0,single_operation_or_constructor_review
hello-travel-domain/src/main/java/com/hellotravel/domain/chat/service/ChatDomainService.java,saveConversation,49,14,1,flow_checked
hello-travel-domain/src/main/java/com/hellotravel/domain/chat/service/ChatDomainService.java,saveMessage,84,14,1,flow_checked
hello-travel-domain/src/main/java/com/hellotravel/domain/chat/service/ChatDomainService.java,saveChatRun,119,14,1,flow_checked
hello-travel-domain/src/main/java/com/hellotravel/domain/chat/service/ChatDomainService.java,saveModelInvocation,154,14,1,flow_checked
hello-travel-domain/src/main/java/com/hellotravel/domain/exception/DomainErrorCode.java,<init>,106,2,0,single_operation_or_constructor_review
hello-travel-domain/src/main/java/com/hellotravel/domain/exception/DomainErrorCode.java,code,117,1,0,single_operation_or_constructor_review
hello-travel-domain/src/main/java/com/hellotravel/domain/exception/DomainErrorCode.java,message,127,1,0,single_operation_or_constructor_review
hello-travel-domain/src/main/java/com/hellotravel/domain/exception/DomainErrorCode.java,status,137,1,0,single_operation_or_constructor_review
hello-travel-domain/src/main/java/com/hellotravel/domain/exception/DomainException.java,<init>,18,1,0,single_operation_or_constructor_review
hello-travel-domain/src/main/java/com/hellotravel/domain/knowledge/model/aggregate/IndexJobAggregate.java,assertComplete,20,2,0,single_operation_or_constructor_review
hello-travel-domain/src/main/java/com/hellotravel/domain/knowledge/model/aggregate/IndexJobAggregate.java,idForPersistence,33,1,0,single_operation_or_constructor_review
hello-travel-domain/src/main/java/com/hellotravel/domain/knowledge/model/aggregate/IndexJobAggregate.java,assertWritableAgainst,43,3,1,flow_checked
hello-travel-domain/src/main/java/com/hellotravel/domain/knowledge/model/aggregate/IndexJobAggregate.java,claim,60,1,0,single_operation_or_constructor_review
hello-travel-domain/src/main/java/com/hellotravel/domain/knowledge/model/aggregate/IndexJobAggregate.java,complete,73,1,0,single_operation_or_constructor_review
hello-travel-domain/src/main/java/com/hellotravel/domain/knowledge/model/aggregate/IndexJobAggregate.java,pending,90,1,0,single_operation_or_constructor_review
hello-travel-domain/src/main/java/com/hellotravel/domain/knowledge/model/aggregate/KnowledgeChunkAggregate.java,assertComplete,21,2,0,single_operation_or_constructor_review
hello-travel-domain/src/main/java/com/hellotravel/domain/knowledge/model/aggregate/KnowledgeChunkAggregate.java,idForPersistence,34,1,0,single_operation_or_constructor_review
hello-travel-domain/src/main/java/com/hellotravel/domain/knowledge/model/aggregate/KnowledgeChunkAggregate.java,assertWritableAgainst,44,3,1,flow_checked
hello-travel-domain/src/main/java/com/hellotravel/domain/knowledge/model/aggregate/KnowledgeChunkAggregate.java,pending,65,1,0,single_operation_or_constructor_review
hello-travel-domain/src/main/java/com/hellotravel/domain/knowledge/model/aggregate/KnowledgeChunkAggregate.java,ready,83,1,0,single_operation_or_constructor_review
hello-travel-domain/src/main/java/com/hellotravel/domain/knowledge/model/aggregate/KnowledgeChunkAggregate.java,deleted,95,1,0,single_operation_or_constructor_review
hello-travel-domain/src/main/java/com/hellotravel/domain/knowledge/model/aggregate/KnowledgeDocumentAggregate.java,assertComplete,21,2,0,single_operation_or_constructor_review
hello-travel-domain/src/main/java/com/hellotravel/domain/knowledge/model/aggregate/KnowledgeDocumentAggregate.java,idForPersistence,34,1,0,single_operation_or_constructor_review
hello-travel-domain/src/main/java/com/hellotravel/domain/knowledge/model/aggregate/KnowledgeDocumentAggregate.java,assertWritableAgainst,44,3,1,flow_checked
hello-travel-domain/src/main/java/com/hellotravel/domain/knowledge/model/aggregate/KnowledgeDocumentAggregate.java,transition,62,1,0,single_operation_or_constructor_review
hello-travel-domain/src/main/java/com/hellotravel/domain/knowledge/model/aggregate/KnowledgeDocumentAggregate.java,reindex,73,1,0,single_operation_or_constructor_review
hello-travel-domain/src/main/java/com/hellotravel/domain/knowledge/model/aggregate/KnowledgeDocumentAggregate.java,erase,84,1,0,single_operation_or_constructor_review
hello-travel-domain/src/main/java/com/hellotravel/domain/knowledge/model/aggregate/KnowledgeDocumentAggregate.java,received,107,1,0,single_operation_or_constructor_review
hello-travel-domain/src/main/java/com/hellotravel/domain/knowledge/model/entity/IndexJobEntity.java,toString,54,1,0,single_operation_or_constructor_review
hello-travel-domain/src/main/java/com/hellotravel/domain/knowledge/model/entity/IndexJobEntity.java,claim,67,3,1,flow_checked
hello-travel-domain/src/main/java/com/hellotravel/domain/knowledge/model/entity/IndexJobEntity.java,complete,101,3,1,flow_checked
hello-travel-domain/src/main/java/com/hellotravel/domain/knowledge/model/entity/IndexJobEntity.java,assertUpdateAgainst,133,8,1,flow_checked
hello-travel-domain/src/main/java/com/hellotravel/domain/knowledge/model/entity/IndexJobEntity.java,pending,164,1,0,single_operation_or_constructor_review
hello-travel-domain/src/main/java/com/hellotravel/domain/knowledge/model/entity/KnowledgeChunkEntity.java,<init>,49,1,0,single_operation_or_constructor_review
hello-travel-domain/src/main/java/com/hellotravel/domain/knowledge/model/entity/KnowledgeChunkEntity.java,toString,60,1,0,single_operation_or_constructor_review
hello-travel-domain/src/main/java/com/hellotravel/domain/knowledge/model/entity/KnowledgeChunkEntity.java,contentSha256,71,1,0,single_operation_or_constructor_review
hello-travel-domain/src/main/java/com/hellotravel/domain/knowledge/model/entity/KnowledgeChunkEntity.java,pending,88,2,1,flow_checked
hello-travel-domain/src/main/java/com/hellotravel/domain/knowledge/model/entity/KnowledgeChunkEntity.java,ready,122,3,1,flow_checked
hello-travel-domain/src/main/java/com/hellotravel/domain/knowledge/model/entity/KnowledgeChunkEntity.java,assertUpdateAgainst,152,10,1,flow_checked
hello-travel-domain/src/main/java/com/hellotravel/domain/knowledge/model/entity/KnowledgeChunkEntity.java,deleted,182,1,0,single_operation_or_constructor_review
hello-travel-domain/src/main/java/com/hellotravel/domain/knowledge/model/entity/KnowledgeDocumentEntity.java,<init>,66,1,0,single_operation_or_constructor_review
hello-travel-domain/src/main/java/com/hellotravel/domain/knowledge/model/entity/KnowledgeDocumentEntity.java,transition,80,3,1,flow_checked
hello-travel-domain/src/main/java/com/hellotravel/domain/knowledge/model/entity/KnowledgeDocumentEntity.java,reindex,118,3,1,flow_checked
hello-travel-domain/src/main/java/com/hellotravel/domain/knowledge/model/entity/KnowledgeDocumentEntity.java,erase,156,1,0,single_operation_or_constructor_review
hello-travel-domain/src/main/java/com/hellotravel/domain/knowledge/model/entity/KnowledgeDocumentEntity.java,toString,190,1,0,single_operation_or_constructor_review
hello-travel-domain/src/main/java/com/hellotravel/domain/knowledge/model/entity/KnowledgeDocumentEntity.java,contentSha256,201,1,0,single_operation_or_constructor_review
hello-travel-domain/src/main/java/com/hellotravel/domain/knowledge/model/entity/KnowledgeDocumentEntity.java,assertUpdateAgainst,212,8,1,flow_checked
hello-travel-domain/src/main/java/com/hellotravel/domain/knowledge/model/entity/KnowledgeDocumentEntity.java,received,249,1,0,single_operation_or_constructor_review
hello-travel-domain/src/main/java/com/hellotravel/domain/knowledge/model/value/EmbeddingProfileValue.java,<init>,20,2,0,single_operation_or_constructor_review
hello-travel-domain/src/main/java/com/hellotravel/domain/knowledge/model/value/EmbeddingProfileValue.java,selected,40,1,0,single_operation_or_constructor_review
hello-travel-domain/src/main/java/com/hellotravel/domain/knowledge/service/KnowledgeDomainService.java,<init>,28,3,0,single_operation_or_constructor_review
hello-travel-domain/src/main/java/com/hellotravel/domain/knowledge/service/KnowledgeDomainService.java,saveKnowledgeDocument,44,14,1,flow_checked
hello-travel-domain/src/main/java/com/hellotravel/domain/knowledge/service/KnowledgeDomainService.java,saveKnowledgeChunk,79,14,1,flow_checked
hello-travel-domain/src/main/java/com/hellotravel/domain/knowledge/service/KnowledgeDomainService.java,saveIndexJob,114,14,1,flow_checked
hello-travel-domain/src/main/java/com/hellotravel/domain/memory/model/aggregate/MemoryFactAggregate.java,assertComplete,22,2,0,single_operation_or_constructor_review
hello-travel-domain/src/main/java/com/hellotravel/domain/memory/model/aggregate/MemoryFactAggregate.java,idForPersistence,35,1,0,single_operation_or_constructor_review
hello-travel-domain/src/main/java/com/hellotravel/domain/memory/model/aggregate/MemoryFactAggregate.java,assertWritableAgainst,45,3,1,flow_checked
hello-travel-domain/src/main/java/com/hellotravel/domain/memory/model/aggregate/MemoryFactAggregate.java,reviseExplicit,62,1,0,single_operation_or_constructor_review
hello-travel-domain/src/main/java/com/hellotravel/domain/memory/model/aggregate/MemoryFactAggregate.java,explicit,77,1,0,single_operation_or_constructor_review
hello-travel-domain/src/main/java/com/hellotravel/domain/memory/model/aggregate/MemoryFactAggregate.java,propose,93,1,0,single_operation_or_constructor_review
hello-travel-domain/src/main/java/com/hellotravel/domain/memory/model/aggregate/MemoryFactAggregate.java,redacted,105,1,0,single_operation_or_constructor_review
hello-travel-domain/src/main/java/com/hellotravel/domain/memory/model/aggregate/MemoryFactSourceAggregate.java,assertComplete,20,2,0,single_operation_or_constructor_review
hello-travel-domain/src/main/java/com/hellotravel/domain/memory/model/aggregate/MemoryFactSourceAggregate.java,idForPersistence,33,1,0,single_operation_or_constructor_review
hello-travel-domain/src/main/java/com/hellotravel/domain/memory/model/aggregate/MemoryFactSourceAggregate.java,assertWritableAgainst,43,3,1,flow_checked
hello-travel-domain/src/main/java/com/hellotravel/domain/memory/model/aggregate/MemoryFactSourceAggregate.java,evidence,65,1,0,single_operation_or_constructor_review
hello-travel-domain/src/main/java/com/hellotravel/domain/memory/model/aggregate/MemorySummaryAggregate.java,assertComplete,20,2,0,single_operation_or_constructor_review
hello-travel-domain/src/main/java/com/hellotravel/domain/memory/model/aggregate/MemorySummaryAggregate.java,idForPersistence,33,1,0,single_operation_or_constructor_review
hello-travel-domain/src/main/java/com/hellotravel/domain/memory/model/aggregate/MemorySummaryAggregate.java,assertWritableAgainst,43,3,1,flow_checked
hello-travel-domain/src/main/java/com/hellotravel/domain/memory/model/aggregate/MemorySummaryAggregate.java,redacted,58,1,0,single_operation_or_constructor_review
hello-travel-domain/src/main/java/com/hellotravel/domain/memory/model/aggregate/MemorySummaryAggregate.java,compressed,79,1,0,single_operation_or_constructor_review
hello-travel-domain/src/main/java/com/hellotravel/domain/memory/model/entity/MemoryFactEntity.java,toString,52,1,0,single_operation_or_constructor_review
hello-travel-domain/src/main/java/com/hellotravel/domain/memory/model/entity/MemoryFactEntity.java,reviseExplicit,65,1,0,single_operation_or_constructor_review
hello-travel-domain/src/main/java/com/hellotravel/domain/memory/model/entity/MemoryFactEntity.java,explicit,95,2,1,flow_checked
hello-travel-domain/src/main/java/com/hellotravel/domain/memory/model/entity/MemoryFactEntity.java,assertUpdateAgainst,124,8,1,flow_checked
hello-travel-domain/src/main/java/com/hellotravel/domain/memory/model/entity/MemoryFactEntity.java,propose,153,1,0,single_operation_or_constructor_review
hello-travel-domain/src/main/java/com/hellotravel/domain/memory/model/entity/MemoryFactEntity.java,redacted,165,1,0,single_operation_or_constructor_review
hello-travel-domain/src/main/java/com/hellotravel/domain/memory/model/entity/MemoryFactSourceEntity.java,toString,35,1,0,single_operation_or_constructor_review
hello-travel-domain/src/main/java/com/hellotravel/domain/memory/model/entity/MemoryFactSourceEntity.java,assertUpdateAgainst,46,4,1,flow_checked
hello-travel-domain/src/main/java/com/hellotravel/domain/memory/model/entity/MemoryFactSourceEntity.java,evidence,70,1,0,single_operation_or_constructor_review
hello-travel-domain/src/main/java/com/hellotravel/domain/memory/model/entity/MemorySummaryEntity.java,toString,52,1,0,single_operation_or_constructor_review
hello-travel-domain/src/main/java/com/hellotravel/domain/memory/model/entity/MemorySummaryEntity.java,assertUpdateAgainst,63,8,1,flow_checked
hello-travel-domain/src/main/java/com/hellotravel/domain/memory/model/entity/MemorySummaryEntity.java,redacted,88,1,0,single_operation_or_constructor_review
hello-travel-domain/src/main/java/com/hellotravel/domain/memory/model/entity/MemorySummaryEntity.java,compressed,125,1,0,single_operation_or_constructor_review
hello-travel-domain/src/main/java/com/hellotravel/domain/memory/model/value/ContextBudgetValue.java,<init>,20,2,0,single_operation_or_constructor_review
hello-travel-domain/src/main/java/com/hellotravel/domain/memory/model/value/ContextBudgetValue.java,fits,33,1,0,single_operation_or_constructor_review
hello-travel-domain/src/main/java/com/hellotravel/domain/memory/model/value/ContextBudgetValue.java,needsCompression,43,1,0,single_operation_or_constructor_review
hello-travel-domain/src/main/java/com/hellotravel/domain/memory/model/value/ContextBudgetValue.java,estimate,54,1,0,single_operation_or_constructor_review
hello-travel-domain/src/main/java/com/hellotravel/domain/memory/model/value/ContextBudgetValue.java,policy,69,1,0,single_operation_or_constructor_review
hello-travel-domain/src/main/java/com/hellotravel/domain/memory/model/value/ContextBudgetValue.java,withInput,80,1,0,single_operation_or_constructor_review
hello-travel-domain/src/main/java/com/hellotravel/domain/memory/model/value/ContextBudgetValue.java,withOutput,91,1,0,single_operation_or_constructor_review
hello-travel-domain/src/main/java/com/hellotravel/domain/memory/model/value/FactProposalValue.java,<init>,20,2,0,single_operation_or_constructor_review
hello-travel-domain/src/main/java/com/hellotravel/domain/memory/model/value/FactProposalValue.java,accept,44,5,1,flow_checked
hello-travel-domain/src/main/java/com/hellotravel/domain/memory/service/MemoryDomainService.java,<init>,29,3,0,single_operation_or_constructor_review
hello-travel-domain/src/main/java/com/hellotravel/domain/memory/service/MemoryDomainService.java,saveMemorySummary,45,14,1,flow_checked
hello-travel-domain/src/main/java/com/hellotravel/domain/memory/service/MemoryDomainService.java,saveMemoryFact,80,14,1,flow_checked
hello-travel-domain/src/main/java/com/hellotravel/domain/memory/service/MemoryDomainService.java,saveMemoryFactSource,115,14,1,flow_checked
hello-travel-domain/src/main/java/com/hellotravel/domain/memory/service/MemoryDomainService.java,removeMemoryFactSource,150,6,1,flow_checked
hello-travel-domain/src/main/java/com/hellotravel/domain/query/model/value/QueryValue.java,<init>,22,3,0,single_operation_or_constructor_review
hello-travel-domain/src/main/java/com/hellotravel/domain/query/model/value/QueryValue.java,all,39,1,0,single_operation_or_constructor_review
hello-travel-domain/src/main/java/com/hellotravel/domain/query/model/value/QueryValue.java,where,52,3,1,flow_checked
hello-travel-domain/src/main/java/com/hellotravel/domain/query/model/value/QueryValue.java,desc,67,1,0,single_operation_or_constructor_review
hello-travel-domain/src/main/java/com/hellotravel/domain/sync/model/aggregate/OutboxEventAggregate.java,assertComplete,20,2,0,single_operation_or_constructor_review
hello-travel-domain/src/main/java/com/hellotravel/domain/sync/model/aggregate/OutboxEventAggregate.java,idForPersistence,33,1,0,single_operation_or_constructor_review
hello-travel-domain/src/main/java/com/hellotravel/domain/sync/model/aggregate/OutboxEventAggregate.java,assertWritableAgainst,43,3,1,flow_checked
hello-travel-domain/src/main/java/com/hellotravel/domain/sync/model/aggregate/OutboxEventAggregate.java,pending,65,1,0,single_operation_or_constructor_review
hello-travel-domain/src/main/java/com/hellotravel/domain/sync/model/aggregate/OutboxEventAggregate.java,claimed,94,1,0,single_operation_or_constructor_review
hello-travel-domain/src/main/java/com/hellotravel/domain/sync/model/aggregate/OutboxEventAggregate.java,completed,110,1,0,single_operation_or_constructor_review
hello-travel-domain/src/main/java/com/hellotravel/domain/sync/model/aggregate/SyncEventAggregate.java,assertComplete,20,2,0,single_operation_or_constructor_review
hello-travel-domain/src/main/java/com/hellotravel/domain/sync/model/aggregate/SyncEventAggregate.java,idForPersistence,33,1,0,single_operation_or_constructor_review
hello-travel-domain/src/main/java/com/hellotravel/domain/sync/model/aggregate/SyncEventAggregate.java,assertWritableAgainst,43,3,1,flow_checked
hello-travel-domain/src/main/java/com/hellotravel/domain/sync/model/aggregate/SyncEventAggregate.java,committed,67,1,0,single_operation_or_constructor_review
hello-travel-domain/src/main/java/com/hellotravel/domain/sync/model/entity/OutboxEventEntity.java,toString,56,1,0,single_operation_or_constructor_review
hello-travel-domain/src/main/java/com/hellotravel/domain/sync/model/entity/OutboxEventEntity.java,assertUpdateAgainst,67,6,1,flow_checked
hello-travel-domain/src/main/java/com/hellotravel/domain/sync/model/entity/OutboxEventEntity.java,pending,95,1,0,single_operation_or_constructor_review
hello-travel-domain/src/main/java/com/hellotravel/domain/sync/model/entity/OutboxEventEntity.java,claimed,134,1,0,single_operation_or_constructor_review
hello-travel-domain/src/main/java/com/hellotravel/domain/sync/model/entity/OutboxEventEntity.java,completed,168,1,0,single_operation_or_constructor_review
hello-travel-domain/src/main/java/com/hellotravel/domain/sync/model/entity/SyncEventEntity.java,toString,39,1,0,single_operation_or_constructor_review
hello-travel-domain/src/main/java/com/hellotravel/domain/sync/model/entity/SyncEventEntity.java,assertUpdateAgainst,50,2,0,single_operation_or_constructor_review
hello-travel-domain/src/main/java/com/hellotravel/domain/sync/model/entity/SyncEventEntity.java,committed,72,1,0,single_operation_or_constructor_review
hello-travel-domain/src/main/java/com/hellotravel/domain/sync/service/SyncDomainService.java,<init>,26,2,0,single_operation_or_constructor_review
hello-travel-domain/src/main/java/com/hellotravel/domain/sync/service/SyncDomainService.java,saveSyncEvent,39,14,1,flow_checked
hello-travel-domain/src/main/java/com/hellotravel/domain/sync/service/SyncDomainService.java,removeSyncEvent,74,6,1,flow_checked
hello-travel-domain/src/main/java/com/hellotravel/domain/sync/service/SyncDomainService.java,saveOutboxEvent,94,14,1,flow_checked
hello-travel-domain/src/main/java/com/hellotravel/domain/travel/service/TravelPlanDomainService.java,validateRequest,42,20,1,flow_checked
hello-travel-domain/src/main/java/com/hellotravel/domain/travel/service/TravelPlanDomainService.java,validateDraft,84,29,1,flow_checked
hello-travel-domain/src/main/java/com/hellotravel/domain/travel/service/TravelPlanDomainService.java,validateRequestRange,135,14,2,flow_checked
hello-travel-domain/src/main/java/com/hellotravel/domain/travel/service/TravelPlanDomainService.java,validateDay,163,19,2,flow_checked
hello-travel-domain/src/main/java/com/hellotravel/domain/travel/service/TravelPlanDomainService.java,validateItem,194,24,2,flow_checked
hello-travel-domain/src/main/java/com/hellotravel/domain/travel/service/TravelPlanDomainService.java,validateDayCount,242,8,1,flow_checked
hello-travel-domain/src/main/java/com/hellotravel/domain/travel/service/TravelPlanDomainService.java,validateDateCoverage,265,16,2,flow_checked
hello-travel-domain/src/main/java/com/hellotravel/domain/travel/service/TravelPlanDomainService.java,validateCosts,295,22,1,flow_checked
hello-travel-domain/src/main/java/com/hellotravel/domain/travel/service/TravelPlanDomainService.java,blank,332,1,0,single_operation_or_constructor_review
hello-travel-infrastructure/src/main/java/com/hellotravel/infrastructure/TravelBaseRepository.java,conditions,29,28,1,flow_checked
hello-travel-infrastructure/src/main/java/com/hellotravel/infrastructure/auth/converter/DevicePersistenceConverter.java,restore,24,1,0,single_operation_or_constructor_review
hello-travel-infrastructure/src/main/java/com/hellotravel/infrastructure/auth/converter/DevicePersistenceConverter.java,toPersistence,46,11,1,flow_checked
hello-travel-infrastructure/src/main/java/com/hellotravel/infrastructure/auth/converter/EmailChallengePersistenceConverter.java,restore,24,1,0,single_operation_or_constructor_review
hello-travel-infrastructure/src/main/java/com/hellotravel/infrastructure/auth/converter/EmailChallengePersistenceConverter.java,toPersistence,53,18,1,flow_checked
hello-travel-infrastructure/src/main/java/com/hellotravel/infrastructure/auth/converter/LoginSessionPersistenceConverter.java,restore,24,1,0,single_operation_or_constructor_review
hello-travel-infrastructure/src/main/java/com/hellotravel/infrastructure/auth/converter/LoginSessionPersistenceConverter.java,toPersistence,54,19,1,flow_checked
hello-travel-infrastructure/src/main/java/com/hellotravel/infrastructure/auth/converter/RefreshReceiptPersistenceConverter.java,restore,24,1,0,single_operation_or_constructor_review
hello-travel-infrastructure/src/main/java/com/hellotravel/infrastructure/auth/converter/RefreshReceiptPersistenceConverter.java,toPersistence,43,8,1,flow_checked
hello-travel-infrastructure/src/main/java/com/hellotravel/infrastructure/auth/converter/UserAccountPersistenceConverter.java,restore,24,1,0,single_operation_or_constructor_review
hello-travel-infrastructure/src/main/java/com/hellotravel/infrastructure/auth/converter/UserAccountPersistenceConverter.java,toPersistence,48,13,1,flow_checked
hello-travel-infrastructure/src/main/java/com/hellotravel/infrastructure/auth/repository/DeviceRepositoryImpl.java,findById,38,2,1,flow_checked
hello-travel-infrastructure/src/main/java/com/hellotravel/infrastructure/auth/repository/DeviceRepositoryImpl.java,query,52,3,1,flow_checked
hello-travel-infrastructure/src/main/java/com/hellotravel/infrastructure/auth/repository/DeviceRepositoryImpl.java,save,81,11,1,flow_checked
hello-travel-infrastructure/src/main/java/com/hellotravel/infrastructure/auth/repository/DeviceRepositoryImpl.java,remove,113,1,0,single_operation_or_constructor_review
hello-travel-infrastructure/src/main/java/com/hellotravel/infrastructure/auth/repository/DeviceRepositoryImpl.java,<init>,117,1,0,single_operation_or_constructor_review
hello-travel-infrastructure/src/main/java/com/hellotravel/infrastructure/auth/repository/EmailChallengeRepositoryImpl.java,findById,39,2,1,flow_checked
hello-travel-infrastructure/src/main/java/com/hellotravel/infrastructure/auth/repository/EmailChallengeRepositoryImpl.java,query,53,3,1,flow_checked
hello-travel-infrastructure/src/main/java/com/hellotravel/infrastructure/auth/repository/EmailChallengeRepositoryImpl.java,save,89,11,1,flow_checked
hello-travel-infrastructure/src/main/java/com/hellotravel/infrastructure/auth/repository/EmailChallengeRepositoryImpl.java,remove,121,1,0,single_operation_or_constructor_review
hello-travel-infrastructure/src/main/java/com/hellotravel/infrastructure/auth/repository/EmailChallengeRepositoryImpl.java,<init>,125,1,0,single_operation_or_constructor_review
hello-travel-infrastructure/src/main/java/com/hellotravel/infrastructure/auth/repository/LoginSessionRepositoryImpl.java,findById,39,2,1,flow_checked
hello-travel-infrastructure/src/main/java/com/hellotravel/infrastructure/auth/repository/LoginSessionRepositoryImpl.java,query,53,3,1,flow_checked
hello-travel-infrastructure/src/main/java/com/hellotravel/infrastructure/auth/repository/LoginSessionRepositoryImpl.java,save,90,11,1,flow_checked
hello-travel-infrastructure/src/main/java/com/hellotravel/infrastructure/auth/repository/LoginSessionRepositoryImpl.java,remove,122,1,0,single_operation_or_constructor_review
hello-travel-infrastructure/src/main/java/com/hellotravel/infrastructure/auth/repository/LoginSessionRepositoryImpl.java,<init>,126,1,0,single_operation_or_constructor_review
hello-travel-infrastructure/src/main/java/com/hellotravel/infrastructure/auth/repository/RefreshReceiptRepositoryImpl.java,findById,39,2,1,flow_checked
hello-travel-infrastructure/src/main/java/com/hellotravel/infrastructure/auth/repository/RefreshReceiptRepositoryImpl.java,query,53,3,1,flow_checked
hello-travel-infrastructure/src/main/java/com/hellotravel/infrastructure/auth/repository/RefreshReceiptRepositoryImpl.java,save,79,9,1,flow_checked
hello-travel-infrastructure/src/main/java/com/hellotravel/infrastructure/auth/repository/RefreshReceiptRepositoryImpl.java,remove,104,1,0,single_operation_or_constructor_review
hello-travel-infrastructure/src/main/java/com/hellotravel/infrastructure/auth/repository/RefreshReceiptRepositoryImpl.java,<init>,108,1,0,single_operation_or_constructor_review
hello-travel-infrastructure/src/main/java/com/hellotravel/infrastructure/auth/repository/UserAccountRepositoryImpl.java,findById,39,2,1,flow_checked
hello-travel-infrastructure/src/main/java/com/hellotravel/infrastructure/auth/repository/UserAccountRepositoryImpl.java,query,53,3,1,flow_checked
hello-travel-infrastructure/src/main/java/com/hellotravel/infrastructure/auth/repository/UserAccountRepositoryImpl.java,save,84,11,1,flow_checked
hello-travel-infrastructure/src/main/java/com/hellotravel/infrastructure/auth/repository/UserAccountRepositoryImpl.java,remove,116,1,0,single_operation_or_constructor_review
hello-travel-infrastructure/src/main/java/com/hellotravel/infrastructure/auth/repository/UserAccountRepositoryImpl.java,<init>,120,1,0,single_operation_or_constructor_review
hello-travel-infrastructure/src/main/java/com/hellotravel/infrastructure/chat/converter/ChatRunPersistenceConverter.java,restore,24,1,0,single_operation_or_constructor_review
hello-travel-infrastructure/src/main/java/com/hellotravel/infrastructure/chat/converter/ChatRunPersistenceConverter.java,toPersistence,62,27,1,flow_checked
hello-travel-infrastructure/src/main/java/com/hellotravel/infrastructure/chat/converter/ConversationPersistenceConverter.java,restore,24,1,0,single_operation_or_constructor_review
hello-travel-infrastructure/src/main/java/com/hellotravel/infrastructure/chat/converter/ConversationPersistenceConverter.java,toPersistence,49,14,1,flow_checked
hello-travel-infrastructure/src/main/java/com/hellotravel/infrastructure/chat/converter/MessagePersistenceConverter.java,restore,24,1,0,single_operation_or_constructor_review
hello-travel-infrastructure/src/main/java/com/hellotravel/infrastructure/chat/converter/MessagePersistenceConverter.java,toPersistence,50,15,1,flow_checked
hello-travel-infrastructure/src/main/java/com/hellotravel/infrastructure/chat/converter/ModelInvocationPersistenceConverter.java,restore,24,1,0,single_operation_or_constructor_review
hello-travel-infrastructure/src/main/java/com/hellotravel/infrastructure/chat/converter/ModelInvocationPersistenceConverter.java,toPersistence,59,24,1,flow_checked
hello-travel-infrastructure/src/main/java/com/hellotravel/infrastructure/chat/repository/ChatRunRepositoryImpl.java,findById,38,2,1,flow_checked
hello-travel-infrastructure/src/main/java/com/hellotravel/infrastructure/chat/repository/ChatRunRepositoryImpl.java,query,52,3,1,flow_checked
hello-travel-infrastructure/src/main/java/com/hellotravel/infrastructure/chat/repository/ChatRunRepositoryImpl.java,save,97,11,1,flow_checked
hello-travel-infrastructure/src/main/java/com/hellotravel/infrastructure/chat/repository/ChatRunRepositoryImpl.java,remove,129,1,0,single_operation_or_constructor_review
hello-travel-infrastructure/src/main/java/com/hellotravel/infrastructure/chat/repository/ChatRunRepositoryImpl.java,<init>,133,1,0,single_operation_or_constructor_review
hello-travel-infrastructure/src/main/java/com/hellotravel/infrastructure/chat/repository/ConversationRepositoryImpl.java,findById,39,2,1,flow_checked
hello-travel-infrastructure/src/main/java/com/hellotravel/infrastructure/chat/repository/ConversationRepositoryImpl.java,query,53,3,1,flow_checked
hello-travel-infrastructure/src/main/java/com/hellotravel/infrastructure/chat/repository/ConversationRepositoryImpl.java,save,85,11,1,flow_checked
hello-travel-infrastructure/src/main/java/com/hellotravel/infrastructure/chat/repository/ConversationRepositoryImpl.java,remove,117,1,0,single_operation_or_constructor_review
hello-travel-infrastructure/src/main/java/com/hellotravel/infrastructure/chat/repository/ConversationRepositoryImpl.java,<init>,121,1,0,single_operation_or_constructor_review
hello-travel-infrastructure/src/main/java/com/hellotravel/infrastructure/chat/repository/MessageRepositoryImpl.java,findById,38,2,1,flow_checked
hello-travel-infrastructure/src/main/java/com/hellotravel/infrastructure/chat/repository/MessageRepositoryImpl.java,query,52,3,1,flow_checked
hello-travel-infrastructure/src/main/java/com/hellotravel/infrastructure/chat/repository/MessageRepositoryImpl.java,save,85,11,1,flow_checked
hello-travel-infrastructure/src/main/java/com/hellotravel/infrastructure/chat/repository/MessageRepositoryImpl.java,remove,117,1,0,single_operation_or_constructor_review
hello-travel-infrastructure/src/main/java/com/hellotravel/infrastructure/chat/repository/MessageRepositoryImpl.java,<init>,121,1,0,single_operation_or_constructor_review
hello-travel-infrastructure/src/main/java/com/hellotravel/infrastructure/chat/repository/ModelInvocationRepositoryImpl.java,findById,39,2,1,flow_checked
hello-travel-infrastructure/src/main/java/com/hellotravel/infrastructure/chat/repository/ModelInvocationRepositoryImpl.java,query,53,3,1,flow_checked
hello-travel-infrastructure/src/main/java/com/hellotravel/infrastructure/chat/repository/ModelInvocationRepositoryImpl.java,save,95,11,1,flow_checked
hello-travel-infrastructure/src/main/java/com/hellotravel/infrastructure/chat/repository/ModelInvocationRepositoryImpl.java,remove,127,1,0,single_operation_or_constructor_review
hello-travel-infrastructure/src/main/java/com/hellotravel/infrastructure/chat/repository/ModelInvocationRepositoryImpl.java,<init>,131,1,0,single_operation_or_constructor_review
hello-travel-infrastructure/src/main/java/com/hellotravel/infrastructure/exception/InfrastructureErrorCode.java,<init>,106,2,0,single_operation_or_constructor_review
hello-travel-infrastructure/src/main/java/com/hellotravel/infrastructure/exception/InfrastructureErrorCode.java,code,117,1,0,single_operation_or_constructor_review
hello-travel-infrastructure/src/main/java/com/hellotravel/infrastructure/exception/InfrastructureErrorCode.java,message,127,1,0,single_operation_or_constructor_review
hello-travel-infrastructure/src/main/java/com/hellotravel/infrastructure/exception/InfrastructureErrorCode.java,status,137,1,0,single_operation_or_constructor_review
hello-travel-infrastructure/src/main/java/com/hellotravel/infrastructure/exception/InfrastructureException.java,<init>,18,1,0,single_operation_or_constructor_review
hello-travel-infrastructure/src/main/java/com/hellotravel/infrastructure/knowledge/converter/IndexJobPersistenceConverter.java,restore,24,1,0,single_operation_or_constructor_review
hello-travel-infrastructure/src/main/java/com/hellotravel/infrastructure/knowledge/converter/IndexJobPersistenceConverter.java,toPersistence,54,19,1,flow_checked
hello-travel-infrastructure/src/main/java/com/hellotravel/infrastructure/knowledge/converter/KnowledgeChunkPersistenceConverter.java,restore,24,1,0,single_operation_or_constructor_review
hello-travel-infrastructure/src/main/java/com/hellotravel/infrastructure/knowledge/converter/KnowledgeChunkPersistenceConverter.java,toPersistence,52,17,1,flow_checked
hello-travel-infrastructure/src/main/java/com/hellotravel/infrastructure/knowledge/converter/KnowledgeDocumentPersistenceConverter.java,restore,24,1,0,single_operation_or_constructor_review
hello-travel-infrastructure/src/main/java/com/hellotravel/infrastructure/knowledge/converter/KnowledgeDocumentPersistenceConverter.java,toPersistence,60,25,1,flow_checked
hello-travel-infrastructure/src/main/java/com/hellotravel/infrastructure/knowledge/repository/IndexJobRepositoryImpl.java,findById,38,2,1,flow_checked
hello-travel-infrastructure/src/main/java/com/hellotravel/infrastructure/knowledge/repository/IndexJobRepositoryImpl.java,query,52,3,1,flow_checked
hello-travel-infrastructure/src/main/java/com/hellotravel/infrastructure/knowledge/repository/IndexJobRepositoryImpl.java,save,89,11,1,flow_checked
hello-travel-infrastructure/src/main/java/com/hellotravel/infrastructure/knowledge/repository/IndexJobRepositoryImpl.java,remove,121,1,0,single_operation_or_constructor_review
hello-travel-infrastructure/src/main/java/com/hellotravel/infrastructure/knowledge/repository/IndexJobRepositoryImpl.java,<init>,125,1,0,single_operation_or_constructor_review
hello-travel-infrastructure/src/main/java/com/hellotravel/infrastructure/knowledge/repository/KnowledgeChunkRepositoryImpl.java,findById,39,2,1,flow_checked
hello-travel-infrastructure/src/main/java/com/hellotravel/infrastructure/knowledge/repository/KnowledgeChunkRepositoryImpl.java,query,53,3,1,flow_checked
hello-travel-infrastructure/src/main/java/com/hellotravel/infrastructure/knowledge/repository/KnowledgeChunkRepositoryImpl.java,save,88,11,1,flow_checked
hello-travel-infrastructure/src/main/java/com/hellotravel/infrastructure/knowledge/repository/KnowledgeChunkRepositoryImpl.java,remove,120,1,0,single_operation_or_constructor_review
hello-travel-infrastructure/src/main/java/com/hellotravel/infrastructure/knowledge/repository/KnowledgeChunkRepositoryImpl.java,<init>,124,1,0,single_operation_or_constructor_review
hello-travel-infrastructure/src/main/java/com/hellotravel/infrastructure/knowledge/repository/KnowledgeDocumentRepositoryImpl.java,findById,39,2,1,flow_checked
hello-travel-infrastructure/src/main/java/com/hellotravel/infrastructure/knowledge/repository/KnowledgeDocumentRepositoryImpl.java,query,53,3,1,flow_checked
hello-travel-infrastructure/src/main/java/com/hellotravel/infrastructure/knowledge/repository/KnowledgeDocumentRepositoryImpl.java,save,96,11,1,flow_checked
hello-travel-infrastructure/src/main/java/com/hellotravel/infrastructure/knowledge/repository/KnowledgeDocumentRepositoryImpl.java,remove,128,1,0,single_operation_or_constructor_review
hello-travel-infrastructure/src/main/java/com/hellotravel/infrastructure/knowledge/repository/KnowledgeDocumentRepositoryImpl.java,<init>,132,1,0,single_operation_or_constructor_review
hello-travel-infrastructure/src/main/java/com/hellotravel/infrastructure/memory/converter/MemoryFactPersistenceConverter.java,restore,24,1,0,single_operation_or_constructor_review
hello-travel-infrastructure/src/main/java/com/hellotravel/infrastructure/memory/converter/MemoryFactPersistenceConverter.java,toPersistence,52,17,1,flow_checked
hello-travel-infrastructure/src/main/java/com/hellotravel/infrastructure/memory/converter/MemoryFactSourcePersistenceConverter.java,restore,24,1,0,single_operation_or_constructor_review
hello-travel-infrastructure/src/main/java/com/hellotravel/infrastructure/memory/converter/MemoryFactSourcePersistenceConverter.java,toPersistence,45,10,1,flow_checked
hello-travel-infrastructure/src/main/java/com/hellotravel/infrastructure/memory/converter/MemorySummaryPersistenceConverter.java,restore,24,1,0,single_operation_or_constructor_review
hello-travel-infrastructure/src/main/java/com/hellotravel/infrastructure/memory/converter/MemorySummaryPersistenceConverter.java,toPersistence,53,18,1,flow_checked
hello-travel-infrastructure/src/main/java/com/hellotravel/infrastructure/memory/repository/MemoryFactRepositoryImpl.java,findById,38,2,1,flow_checked
hello-travel-infrastructure/src/main/java/com/hellotravel/infrastructure/memory/repository/MemoryFactRepositoryImpl.java,query,52,3,1,flow_checked
hello-travel-infrastructure/src/main/java/com/hellotravel/infrastructure/memory/repository/MemoryFactRepositoryImpl.java,save,87,11,1,flow_checked
hello-travel-infrastructure/src/main/java/com/hellotravel/infrastructure/memory/repository/MemoryFactRepositoryImpl.java,remove,119,1,0,single_operation_or_constructor_review
hello-travel-infrastructure/src/main/java/com/hellotravel/infrastructure/memory/repository/MemoryFactRepositoryImpl.java,<init>,123,1,0,single_operation_or_constructor_review
hello-travel-infrastructure/src/main/java/com/hellotravel/infrastructure/memory/repository/MemoryFactSourceRepositoryImpl.java,findById,39,2,1,flow_checked
hello-travel-infrastructure/src/main/java/com/hellotravel/infrastructure/memory/repository/MemoryFactSourceRepositoryImpl.java,query,53,3,1,flow_checked
hello-travel-infrastructure/src/main/java/com/hellotravel/infrastructure/memory/repository/MemoryFactSourceRepositoryImpl.java,save,81,9,1,flow_checked
hello-travel-infrastructure/src/main/java/com/hellotravel/infrastructure/memory/repository/MemoryFactSourceRepositoryImpl.java,remove,106,1,0,single_operation_or_constructor_review
hello-travel-infrastructure/src/main/java/com/hellotravel/infrastructure/memory/repository/MemoryFactSourceRepositoryImpl.java,<init>,110,1,0,single_operation_or_constructor_review
hello-travel-infrastructure/src/main/java/com/hellotravel/infrastructure/memory/repository/MemorySummaryRepositoryImpl.java,findById,39,2,1,flow_checked
hello-travel-infrastructure/src/main/java/com/hellotravel/infrastructure/memory/repository/MemorySummaryRepositoryImpl.java,query,53,3,1,flow_checked
hello-travel-infrastructure/src/main/java/com/hellotravel/infrastructure/memory/repository/MemorySummaryRepositoryImpl.java,save,89,11,1,flow_checked
hello-travel-infrastructure/src/main/java/com/hellotravel/infrastructure/memory/repository/MemorySummaryRepositoryImpl.java,remove,121,1,0,single_operation_or_constructor_review
hello-travel-infrastructure/src/main/java/com/hellotravel/infrastructure/memory/repository/MemorySummaryRepositoryImpl.java,<init>,125,1,0,single_operation_or_constructor_review
hello-travel-infrastructure/src/main/java/com/hellotravel/infrastructure/sync/converter/OutboxEventPersistenceConverter.java,restore,24,1,0,single_operation_or_constructor_review
hello-travel-infrastructure/src/main/java/com/hellotravel/infrastructure/sync/converter/OutboxEventPersistenceConverter.java,toPersistence,55,20,1,flow_checked
hello-travel-infrastructure/src/main/java/com/hellotravel/infrastructure/sync/converter/SyncEventPersistenceConverter.java,restore,24,1,0,single_operation_or_constructor_review
hello-travel-infrastructure/src/main/java/com/hellotravel/infrastructure/sync/converter/SyncEventPersistenceConverter.java,toPersistence,47,12,1,flow_checked
hello-travel-infrastructure/src/main/java/com/hellotravel/infrastructure/sync/repository/OutboxEventRepositoryImpl.java,findById,39,2,1,flow_checked
hello-travel-infrastructure/src/main/java/com/hellotravel/infrastructure/sync/repository/OutboxEventRepositoryImpl.java,query,53,3,1,flow_checked
hello-travel-infrastructure/src/main/java/com/hellotravel/infrastructure/sync/repository/OutboxEventRepositoryImpl.java,save,91,11,1,flow_checked
hello-travel-infrastructure/src/main/java/com/hellotravel/infrastructure/sync/repository/OutboxEventRepositoryImpl.java,remove,123,1,0,single_operation_or_constructor_review
hello-travel-infrastructure/src/main/java/com/hellotravel/infrastructure/sync/repository/OutboxEventRepositoryImpl.java,<init>,127,1,0,single_operation_or_constructor_review
hello-travel-infrastructure/src/main/java/com/hellotravel/infrastructure/sync/repository/SyncEventRepositoryImpl.java,findById,38,2,1,flow_checked
hello-travel-infrastructure/src/main/java/com/hellotravel/infrastructure/sync/repository/SyncEventRepositoryImpl.java,query,52,3,1,flow_checked
hello-travel-infrastructure/src/main/java/com/hellotravel/infrastructure/sync/repository/SyncEventRepositoryImpl.java,save,82,9,1,flow_checked
hello-travel-infrastructure/src/main/java/com/hellotravel/infrastructure/sync/repository/SyncEventRepositoryImpl.java,remove,107,1,0,single_operation_or_constructor_review
hello-travel-infrastructure/src/main/java/com/hellotravel/infrastructure/sync/repository/SyncEventRepositoryImpl.java,<init>,111,1,0,single_operation_or_constructor_review
hello-travel-model/src/main/java/com/hellotravel/model/chat/ChatModelDO.java,toString,26,1,0,single_operation_or_constructor_review
hello-travel-model/src/main/java/com/hellotravel/model/knowledge/EmbeddingDO.java,toString,22,1,0,single_operation_or_constructor_review
hello-travel-model/src/main/java/com/hellotravel/model/security/SecurityDO.java,toString,18,1,0,single_operation_or_constructor_review
hello-travel-model/src/main/java/com/hellotravel/model/travel/TravelAiContract.java,<init>,29,0,0,single_operation_or_constructor_review
hello-travel-model/src/main/java/com/hellotravel/model/travel/TravelIntentDO.java,<init>,46,2,0,single_operation_or_constructor_review
hello-travel-model/src/main/java/com/hellotravel/model/travel/TravelPlanDayDO.java,<init>,20,1,0,single_operation_or_constructor_review
hello-travel-model/src/main/java/com/hellotravel/model/travel/TravelPlanDraftDO.java,<init>,32,4,0,single_operation_or_constructor_review
hello-travel-model/src/main/java/com/hellotravel/model/travel/TravelPlanValidationDO.java,<init>,25,2,0,single_operation_or_constructor_review
hello-travel-start/src/main/java/com/hellotravel/start/Application.java,main,27,1,0,single_operation_or_constructor_review
hello-travel-start/src/main/java/com/hellotravel/start/Application.java,mybatisPlusInterceptor,37,3,1,flow_checked
hello-travel-start/src/main/java/com/hellotravel/start/config/AiConfiguration.java,travelChatModel,36,4,1,flow_checked
hello-travel-start/src/main/java/com/hellotravel/start/config/AiConfiguration.java,travelStreamingChatModel,66,4,1,flow_checked
hello-travel-start/src/main/java/com/hellotravel/start/config/AiConfiguration.java,knowledgeEmbeddingModel,95,4,1,flow_checked
hello-travel-start/src/main/java/com/hellotravel/start/config/DomainConfiguration.java,authDomainService,49,1,0,single_operation_or_constructor_review
hello-travel-start/src/main/java/com/hellotravel/start/config/DomainConfiguration.java,chatDomainService,70,1,0,single_operation_or_constructor_review
hello-travel-start/src/main/java/com/hellotravel/start/config/DomainConfiguration.java,memoryDomainService,88,1,0,single_operation_or_constructor_review
hello-travel-start/src/main/java/com/hellotravel/start/config/DomainConfiguration.java,knowledgeDomainService,105,1,0,single_operation_or_constructor_review
hello-travel-start/src/main/java/com/hellotravel/start/config/DomainConfiguration.java,syncDomainService,121,1,0,single_operation_or_constructor_review
hello-travel-start/src/main/java/com/hellotravel/start/config/DomainConfiguration.java,travelPlanDomainService,133,1,0,single_operation_or_constructor_review
hello-travel-start/src/main/java/com/hellotravel/start/config/ProductionConfiguration.java,<init>,20,1,0,single_operation_or_constructor_review
hello-travel-start/src/main/java/com/hellotravel/start/config/ProductionConfiguration.java,verify,29,16,1,flow_checked
hello-travel-start/src/main/java/com/hellotravel/start/config/ProtocolConfiguration.java,integerStrings,23,2,0,single_operation_or_constructor_review
hello-travel-util/src/main/java/com/hellotravel/util/JsonUtil.java,<init>,25,0,0,single_operation_or_constructor_review
hello-travel-util/src/main/java/com/hellotravel/util/JsonUtil.java,encode,35,4,0,single_operation_or_constructor_review
hello-travel-util/src/main/java/com/hellotravel/util/JsonUtil.java,read,50,4,0,single_operation_or_constructor_review
