file,line,type,args,responsibility
hello-travel-adaptor/src/main/java/com/hellotravel/adaptor/file/output/FileOutAdaptorImpl.java,42,Semaphore,1,protocol_or_IO
hello-travel-adaptor/src/main/java/com/hellotravel/adaptor/file/output/FileOutAdaptorImpl.java,127,ArrayList,0,protocol_or_IO
hello-travel-adaptor/src/main/java/com/hellotravel/adaptor/file/output/FileOutAdaptorImpl.java,165,String,4,protocol_or_IO
hello-travel-adaptor/src/main/java/com/hellotravel/adaptor/file/output/FileOutAdaptorImpl.java,166,IllegalArgumentException,1,protocol_or_IO
hello-travel-adaptor/src/main/java/com/hellotravel/adaptor/file/output/FileOutAdaptorImpl.java,171,IllegalArgumentException,1,protocol_or_IO
hello-travel-adaptor/src/main/java/com/hellotravel/adaptor/file/output/FileOutAdaptorImpl.java,174,PDFTextStripper,0,protocol_or_IO
hello-travel-adaptor/src/main/java/com/hellotravel/adaptor/file/output/FileOutAdaptorImpl.java,175,BoundedTextWriter,0,protocol_or_IO
hello-travel-adaptor/src/main/java/com/hellotravel/adaptor/file/output/FileOutAdaptorImpl.java,184,IllegalArgumentException,1,protocol_or_IO
hello-travel-adaptor/src/main/java/com/hellotravel/adaptor/file/output/FileOutAdaptorImpl.java,198,IllegalArgumentException,1,protocol_or_IO
hello-travel-adaptor/src/main/java/com/hellotravel/adaptor/file/output/FileOutAdaptorImpl.java,201,ParsedFile,2,protocol_or_IO
hello-travel-adaptor/src/main/java/com/hellotravel/adaptor/file/output/converter/FileOutputConverter.java,26,FileDO,4,output_converter
hello-travel-adaptor/src/main/java/com/hellotravel/adaptor/file/output/converter/FileOutputConverter.java,37,FileDO,4,output_converter
hello-travel-adaptor/src/main/java/com/hellotravel/adaptor/file/output/converter/FileOutputConverter.java,53,FileDO,4,output_converter
hello-travel-adaptor/src/main/java/com/hellotravel/adaptor/file/output/converter/FileOutputConverter.java,59,AdaptorException,1,output_converter
hello-travel-adaptor/src/main/java/com/hellotravel/adaptor/file/output/model/BoundedTextWriter.java,15,StringBuilder,0,protocol_or_IO
hello-travel-adaptor/src/main/java/com/hellotravel/adaptor/file/output/model/BoundedTextWriter.java,28,IOException,1,protocol_or_IO
hello-travel-adaptor/src/main/java/com/hellotravel/adaptor/http/assembler/AuthInputAssembler.java,37,AuthCommand,12,layer_assembler
hello-travel-adaptor/src/main/java/com/hellotravel/adaptor/http/assembler/AuthInputAssembler.java,76,AuthCommand,12,layer_assembler
hello-travel-adaptor/src/main/java/com/hellotravel/adaptor/http/assembler/AuthInputAssembler.java,88,AuthResponse,6,layer_assembler
hello-travel-adaptor/src/main/java/com/hellotravel/adaptor/http/assembler/AuthInputAssembler.java,112,AdaptorException,1,layer_assembler
hello-travel-adaptor/src/main/java/com/hellotravel/adaptor/http/assembler/ChatInputAssembler.java,55,AdaptorException,1,layer_assembler
hello-travel-adaptor/src/main/java/com/hellotravel/adaptor/http/assembler/ChatInputAssembler.java,58,ChatCommand,14,layer_assembler
hello-travel-adaptor/src/main/java/com/hellotravel/adaptor/http/assembler/ChatInputAssembler.java,83,ConversationResponse,6,layer_assembler
hello-travel-adaptor/src/main/java/com/hellotravel/adaptor/http/assembler/ChatInputAssembler.java,100,MessageResponse,7,layer_assembler
hello-travel-adaptor/src/main/java/com/hellotravel/adaptor/http/assembler/ChatInputAssembler.java,120,RunResponse,6,layer_assembler
hello-travel-adaptor/src/main/java/com/hellotravel/adaptor/http/assembler/ChatInputAssembler.java,137,ChatResponse,9,layer_assembler
hello-travel-adaptor/src/main/java/com/hellotravel/adaptor/http/assembler/KnowledgeInputAssembler.java,47,AdaptorException,1,layer_assembler
hello-travel-adaptor/src/main/java/com/hellotravel/adaptor/http/assembler/KnowledgeInputAssembler.java,50,KnowledgeCommand,9,layer_assembler
hello-travel-adaptor/src/main/java/com/hellotravel/adaptor/http/assembler/KnowledgeInputAssembler.java,74,AdaptorException,1,layer_assembler
hello-travel-adaptor/src/main/java/com/hellotravel/adaptor/http/assembler/KnowledgeInputAssembler.java,78,KnowledgeCommand,9,layer_assembler
hello-travel-adaptor/src/main/java/com/hellotravel/adaptor/http/assembler/KnowledgeInputAssembler.java,89,AdaptorException,1,layer_assembler
hello-travel-adaptor/src/main/java/com/hellotravel/adaptor/http/assembler/KnowledgeInputAssembler.java,101,DocumentResponse,7,layer_assembler
hello-travel-adaptor/src/main/java/com/hellotravel/adaptor/http/assembler/KnowledgeInputAssembler.java,119,KnowledgeResponse,3,layer_assembler
hello-travel-adaptor/src/main/java/com/hellotravel/adaptor/http/assembler/SyncInputAssembler.java,29,SyncCommand,3,layer_assembler
hello-travel-adaptor/src/main/java/com/hellotravel/adaptor/http/assembler/SyncInputAssembler.java,40,SyncEventResponse,6,layer_assembler
hello-travel-adaptor/src/main/java/com/hellotravel/adaptor/http/assembler/SyncInputAssembler.java,57,SyncResponse,3,layer_assembler
hello-travel-adaptor/src/main/java/com/hellotravel/adaptor/http/stream/SyncStreamController.java,39,ThreadPoolExecutor,7,protocol_or_IO
hello-travel-adaptor/src/main/java/com/hellotravel/adaptor/http/stream/SyncStreamController.java,44,ArrayBlockingQueue,1,protocol_or_IO
hello-travel-adaptor/src/main/java/com/hellotravel/adaptor/http/stream/SyncStreamController.java,47,Thread,2,protocol_or_IO
hello-travel-adaptor/src/main/java/com/hellotravel/adaptor/http/stream/SyncStreamController.java,53,AbortPolicy,0,protocol_or_IO
hello-travel-adaptor/src/main/java/com/hellotravel/adaptor/http/stream/SyncStreamController.java,61,ConcurrentHashMap,0,protocol_or_IO
hello-travel-adaptor/src/main/java/com/hellotravel/adaptor/http/stream/SyncStreamController.java,96,AdaptorException,1,protocol_or_IO
hello-travel-adaptor/src/main/java/com/hellotravel/adaptor/http/stream/SyncStreamController.java,100,SseEmitter,1,protocol_or_IO
hello-travel-adaptor/src/main/java/com/hellotravel/adaptor/http/stream/SyncStreamController.java,102,Subscription,5,protocol_or_IO
hello-travel-adaptor/src/main/java/com/hellotravel/adaptor/http/stream/SyncStreamController.java,206,AtomicBoolean,0,protocol_or_IO
hello-travel-adaptor/src/main/java/com/hellotravel/adaptor/http/stream/SyncStreamController.java,265,SseEmitter,1,protocol_or_IO
hello-travel-adaptor/src/main/java/com/hellotravel/adaptor/http/support/AuthCookies.java,86,AdaptorException,1,protocol_or_IO
hello-travel-adaptor/src/main/java/com/hellotravel/adaptor/http/support/HttpResults.java,63,Result,4,protocol_or_IO
hello-travel-adaptor/src/main/java/com/hellotravel/adaptor/http/support/HttpResults.java,77,AdaptorException,1,protocol_or_IO
hello-travel-adaptor/src/main/java/com/hellotravel/adaptor/http/support/JsonBodyLimit.java,62,AdaptorException,1,protocol_or_IO
hello-travel-adaptor/src/main/java/com/hellotravel/adaptor/http/support/JsonBodyLimit.java,65,HttpInputMessage,0,protocol_or_IO
hello-travel-adaptor/src/main/java/com/hellotravel/adaptor/http/support/JsonBodyLimit.java,74,ByteArrayInputStream,1,protocol_or_IO
hello-travel-adaptor/src/main/java/com/hellotravel/adaptor/http/support/SessionFilter.java,88,AdaptorException,1,protocol_or_IO
hello-travel-adaptor/src/main/java/com/hellotravel/adaptor/knowledge/output/VectorOutAdaptorImpl.java,90,AdaptorException,1,protocol_or_IO
hello-travel-adaptor/src/main/java/com/hellotravel/adaptor/knowledge/output/VectorOutAdaptorImpl.java,128,MilvusClientV2,1,protocol_or_IO
hello-travel-adaptor/src/main/java/com/hellotravel/adaptor/knowledge/output/VectorOutAdaptorImpl.java,212,IllegalStateException,1,protocol_or_IO
hello-travel-adaptor/src/main/java/com/hellotravel/adaptor/knowledge/output/converter/VectorOutputConverter.java,71,AdaptorException,1,output_converter
hello-travel-adaptor/src/main/java/com/hellotravel/adaptor/knowledge/output/converter/VectorOutputConverter.java,102,AdaptorException,1,output_converter
hello-travel-adaptor/src/main/java/com/hellotravel/adaptor/knowledge/output/converter/VectorOutputConverter.java,108,FloatVec,1,output_converter
hello-travel-adaptor/src/main/java/com/hellotravel/adaptor/knowledge/output/converter/VectorOutputConverter.java,131,AdaptorException,1,output_converter
hello-travel-adaptor/src/main/java/com/hellotravel/adaptor/knowledge/output/converter/VectorOutputConverter.java,150,AdaptorException,1,output_converter
hello-travel-adaptor/src/main/java/com/hellotravel/adaptor/knowledge/output/converter/VectorOutputConverter.java,180,AdaptorException,1,output_converter
hello-travel-adaptor/src/main/java/com/hellotravel/adaptor/knowledge/output/converter/VectorOutputConverter.java,183,JsonObject,0,output_converter
hello-travel-adaptor/src/main/java/com/hellotravel/adaptor/knowledge/output/converter/VectorOutputConverter.java,191,JsonArray,0,output_converter
hello-travel-adaptor/src/main/java/com/hellotravel/adaptor/knowledge/output/converter/VectorOutputConverter.java,194,AdaptorException,1,output_converter
hello-travel-adaptor/src/main/java/com/hellotravel/adaptor/knowledge/output/converter/VectorOutputConverter.java,216,VectorDO,1,output_converter
hello-travel-adaptor/src/main/java/com/hellotravel/adaptor/knowledge/output/converter/VectorOutputConverter.java,227,VectorHitDO,5,output_converter
hello-travel-adaptor/src/main/java/com/hellotravel/adaptor/knowledge/output/converter/VectorOutputConverter.java,242,VectorDO,1,output_converter
hello-travel-adaptor/src/main/java/com/hellotravel/adaptor/mail/output/MailOutAdaptorImpl.java,49,JavaMailSenderImpl,0,protocol_or_IO
hello-travel-adaptor/src/main/java/com/hellotravel/adaptor/mail/output/MailOutAdaptorImpl.java,71,SimpleMailMessage,0,protocol_or_IO
hello-travel-adaptor/src/main/java/com/hellotravel/adaptor/mail/output/converter/MailOutputConverter.java,22,MailDO,1,output_converter
hello-travel-adaptor/src/main/java/com/hellotravel/adaptor/model/output/ModelOutAdaptorImpl.java,95,CompletableFuture,0,protocol_or_IO
hello-travel-adaptor/src/main/java/com/hellotravel/adaptor/model/output/ModelOutAdaptorImpl.java,96,AtomicReference,0,protocol_or_IO
hello-travel-adaptor/src/main/java/com/hellotravel/adaptor/model/output/ModelOutAdaptorImpl.java,98,ModelStreamHandler,3,protocol_or_IO
hello-travel-adaptor/src/main/java/com/hellotravel/adaptor/model/output/converter/ModelOutputConverter.java,54,ArrayList,0,output_converter
hello-travel-adaptor/src/main/java/com/hellotravel/adaptor/model/output/converter/ModelOutputConverter.java,61,AdaptorException,1,output_converter
hello-travel-adaptor/src/main/java/com/hellotravel/adaptor/model/output/converter/ModelOutputConverter.java,80,ModelDO,6,output_converter
hello-travel-adaptor/src/main/java/com/hellotravel/adaptor/model/output/converter/ModelOutputConverter.java,112,ModelDO,6,output_converter
hello-travel-adaptor/src/main/java/com/hellotravel/adaptor/model/output/converter/ModelOutputConverter.java,132,AdaptorException,1,output_converter
hello-travel-adaptor/src/main/java/com/hellotravel/adaptor/model/output/converter/ModelOutputConverter.java,135,ArrayList,1,output_converter
hello-travel-adaptor/src/main/java/com/hellotravel/adaptor/model/output/converter/ModelOutputConverter.java,138,AdaptorException,1,output_converter
hello-travel-adaptor/src/main/java/com/hellotravel/adaptor/model/output/model/ModelStreamHandler.java,47,StringBuilder,0,protocol_or_IO
hello-travel-adaptor/src/main/java/com/hellotravel/adaptor/model/output/model/ModelStreamHandler.java,82,CancellationException,0,protocol_or_IO
hello-travel-adaptor/src/main/java/com/hellotravel/adaptor/security/output/SecurityOutAdaptorImpl.java,76,SecureRandom,0,protocol_or_IO
hello-travel-adaptor/src/main/java/com/hellotravel/adaptor/security/output/SecurityOutAdaptorImpl.java,107,IllegalArgumentException,1,protocol_or_IO
hello-travel-adaptor/src/main/java/com/hellotravel/adaptor/security/output/SecurityOutAdaptorImpl.java,115,Argon2PasswordEncoder,5,protocol_or_IO
hello-travel-adaptor/src/main/java/com/hellotravel/adaptor/security/output/SecurityOutAdaptorImpl.java,123,IllegalStateException,1,protocol_or_IO
hello-travel-adaptor/src/main/java/com/hellotravel/adaptor/security/output/SecurityOutAdaptorImpl.java,129,IllegalStateException,1,protocol_or_IO
hello-travel-adaptor/src/main/java/com/hellotravel/adaptor/security/output/SecurityOutAdaptorImpl.java,139,SecretKeySpec,2,protocol_or_IO
hello-travel-adaptor/src/main/java/com/hellotravel/adaptor/security/output/SecurityOutAdaptorImpl.java,148,SecureRandom,0,protocol_or_IO
hello-travel-adaptor/src/main/java/com/hellotravel/adaptor/security/output/SecurityOutAdaptorImpl.java,154,SecretKeySpec,2,protocol_or_IO
hello-travel-adaptor/src/main/java/com/hellotravel/adaptor/security/output/SecurityOutAdaptorImpl.java,155,GCMParameterSpec,2,protocol_or_IO
hello-travel-adaptor/src/main/java/com/hellotravel/adaptor/security/output/SecurityOutAdaptorImpl.java,176,SecretKeySpec,2,protocol_or_IO
hello-travel-adaptor/src/main/java/com/hellotravel/adaptor/security/output/SecurityOutAdaptorImpl.java,177,GCMParameterSpec,4,protocol_or_IO
hello-travel-adaptor/src/main/java/com/hellotravel/adaptor/security/output/SecurityOutAdaptorImpl.java,181,String,2,protocol_or_IO
hello-travel-adaptor/src/main/java/com/hellotravel/adaptor/security/output/SecurityOutAdaptorImpl.java,196,DefaultRedisScript,2,protocol_or_IO
hello-travel-adaptor/src/main/java/com/hellotravel/adaptor/security/output/SecurityOutAdaptorImpl.java,201,IllegalStateException,1,protocol_or_IO
hello-travel-adaptor/src/main/java/com/hellotravel/adaptor/security/output/converter/SecurityOutputConverter.java,23,SecurityDO,2,output_converter
hello-travel-adaptor/src/main/java/com/hellotravel/adaptor/security/output/converter/SecurityOutputConverter.java,34,SecurityDO,2,output_converter
hello-travel-adaptor/src/main/java/com/hellotravel/adaptor/travel/output/TravelOutAdaptorImpl.java,57,StringBuilder,1,protocol_or_IO
hello-travel-adaptor/src/main/java/com/hellotravel/adaptor/travel/output/TravelOutAdaptorImpl.java,105,IllegalArgumentException,1,protocol_or_IO
hello-travel-adaptor/src/main/java/com/hellotravel/adaptor/travel/output/TravelOutAdaptorImpl.java,126,IllegalStateException,1,protocol_or_IO
hello-travel-adaptor/src/main/java/com/hellotravel/adaptor/travel/output/TravelOutAdaptorImpl.java,129,String,2,protocol_or_IO
hello-travel-adaptor/src/main/java/com/hellotravel/adaptor/travel/output/TravelOutAdaptorImpl.java,132,IllegalStateException,1,protocol_or_IO
hello-travel-adaptor/src/main/java/com/hellotravel/adaptor/travel/output/converter/TravelOutputConverter.java,30,TravelDO,2,output_converter
hello-travel-adaptor/src/main/java/com/hellotravel/adaptor/travel/output/converter/TravelOutputConverter.java,40,TravelDO,2,output_converter
hello-travel-adaptor/src/main/java/com/hellotravel/adaptor/travel/output/converter/TravelOutputConverter.java,50,TravelDO,2,output_converter
hello-travel-adaptor/src/main/java/com/hellotravel/adaptor/travel/output/converter/TravelOutputConverter.java,61,TravelDO,2,output_converter
hello-travel-application/src/main/java/com/hellotravel/application/auth/assembler/AuthApplicationAssembler.java,25,AuthResult,9,layer_assembler
hello-travel-application/src/main/java/com/hellotravel/application/auth/assembler/AuthApplicationAssembler.java,68,AuthResult,9,layer_assembler
hello-travel-application/src/main/java/com/hellotravel/application/auth/assembler/AuthWriteApplicationAssembler.java,33,UserAccountWriteParam,1,layer_assembler
hello-travel-application/src/main/java/com/hellotravel/application/auth/assembler/AuthWriteApplicationAssembler.java,44,DeviceWriteParam,1,layer_assembler
hello-travel-application/src/main/java/com/hellotravel/application/auth/assembler/AuthWriteApplicationAssembler.java,55,LoginSessionWriteParam,1,layer_assembler
hello-travel-application/src/main/java/com/hellotravel/application/auth/assembler/AuthWriteApplicationAssembler.java,66,EmailChallengeWriteParam,1,layer_assembler
hello-travel-application/src/main/java/com/hellotravel/application/auth/assembler/AuthWriteApplicationAssembler.java,77,RefreshReceiptWriteParam,1,layer_assembler
hello-travel-application/src/main/java/com/hellotravel/application/auth/assembler/AuthWriteApplicationAssembler.java,88,RefreshReceiptRemoveParam,1,layer_assembler
hello-travel-application/src/main/java/com/hellotravel/application/auth/workflow/AuthFlow.java,91,ApplicationException,1,application_orchestration
hello-travel-application/src/main/java/com/hellotravel/application/auth/workflow/AuthFlow.java,100,ApplicationException,1,application_orchestration
hello-travel-application/src/main/java/com/hellotravel/application/auth/workflow/AuthFlow.java,109,ApplicationException,1,application_orchestration
hello-travel-application/src/main/java/com/hellotravel/application/auth/workflow/AuthFlow.java,120,ApplicationException,1,application_orchestration
hello-travel-application/src/main/java/com/hellotravel/application/auth/workflow/AuthFlow.java,138,ApplicationException,1,application_orchestration
hello-travel-application/src/main/java/com/hellotravel/application/auth/workflow/AuthFlow.java,146,ApplicationException,1,application_orchestration
hello-travel-application/src/main/java/com/hellotravel/application/auth/workflow/AuthFlow.java,180,EmailChallengeAggregate,1,application_orchestration
hello-travel-application/src/main/java/com/hellotravel/application/auth/workflow/AuthFlow.java,187,ApplicationException,1,application_orchestration
hello-travel-application/src/main/java/com/hellotravel/application/auth/workflow/AuthFlow.java,199,ApplicationException,1,application_orchestration
hello-travel-application/src/main/java/com/hellotravel/application/auth/workflow/AuthFlow.java,203,EmailChallengeAggregate,1,application_orchestration
hello-travel-application/src/main/java/com/hellotravel/application/auth/workflow/AuthFlow.java,209,ApplicationException,1,application_orchestration
hello-travel-application/src/main/java/com/hellotravel/application/auth/workflow/AuthFlow.java,220,ApplicationException,1,application_orchestration
hello-travel-application/src/main/java/com/hellotravel/application/auth/workflow/AuthFlow.java,224,ApplicationException,1,application_orchestration
hello-travel-application/src/main/java/com/hellotravel/application/auth/workflow/AuthFlow.java,265,EmailChallengeAggregate,1,application_orchestration
hello-travel-application/src/main/java/com/hellotravel/application/auth/workflow/AuthFlow.java,282,EmailChallengeAggregate,1,application_orchestration
hello-travel-application/src/main/java/com/hellotravel/application/auth/workflow/AuthFlow.java,316,UserAccountAggregate,1,application_orchestration
hello-travel-application/src/main/java/com/hellotravel/application/auth/workflow/AuthFlow.java,341,ApplicationException,1,application_orchestration
hello-travel-application/src/main/java/com/hellotravel/application/auth/workflow/AuthFlow.java,346,ApplicationException,1,application_orchestration
hello-travel-application/src/main/java/com/hellotravel/application/auth/workflow/AuthFlow.java,358,ApplicationException,1,application_orchestration
hello-travel-application/src/main/java/com/hellotravel/application/auth/workflow/AuthFlow.java,376,DeviceAggregate,1,application_orchestration
hello-travel-application/src/main/java/com/hellotravel/application/auth/workflow/AuthFlow.java,403,LoginSessionAggregate,1,application_orchestration
hello-travel-application/src/main/java/com/hellotravel/application/auth/workflow/AuthFlow.java,419,LoginSessionAggregate,1,application_orchestration
hello-travel-application/src/main/java/com/hellotravel/application/auth/workflow/AuthFlow.java,437,ApplicationException,1,application_orchestration
hello-travel-application/src/main/java/com/hellotravel/application/auth/workflow/AuthFlow.java,449,ApplicationException,1,application_orchestration
hello-travel-application/src/main/java/com/hellotravel/application/auth/workflow/AuthFlow.java,458,ApplicationException,1,application_orchestration
hello-travel-application/src/main/java/com/hellotravel/application/auth/workflow/AuthFlow.java,468,ApplicationException,1,application_orchestration
hello-travel-application/src/main/java/com/hellotravel/application/auth/workflow/AuthFlow.java,501,ApplicationException,1,application_orchestration
hello-travel-application/src/main/java/com/hellotravel/application/auth/workflow/AuthFlow.java,512,LoginSessionAggregate,1,application_orchestration
hello-travel-application/src/main/java/com/hellotravel/application/auth/workflow/AuthFlow.java,534,ApplicationException,1,application_orchestration
hello-travel-application/src/main/java/com/hellotravel/application/auth/workflow/AuthFlow.java,550,ApplicationException,1,application_orchestration
hello-travel-application/src/main/java/com/hellotravel/application/auth/workflow/AuthFlow.java,563,RefreshReceiptAggregate,1,application_orchestration
hello-travel-application/src/main/java/com/hellotravel/application/auth/workflow/AuthFlow.java,566,LoginSessionAggregate,1,application_orchestration
hello-travel-application/src/main/java/com/hellotravel/application/auth/workflow/AuthFlow.java,575,LoginSessionAggregate,1,application_orchestration
hello-travel-application/src/main/java/com/hellotravel/application/auth/workflow/AuthFlow.java,603,LoginSessionAggregate,1,application_orchestration
hello-travel-application/src/main/java/com/hellotravel/application/auth/workflow/AuthFlow.java,630,ApplicationException,1,application_orchestration
hello-travel-application/src/main/java/com/hellotravel/application/auth/workflow/AuthFlow.java,644,UserAccountAggregate,1,application_orchestration
hello-travel-application/src/main/java/com/hellotravel/application/auth/workflow/AuthFlow.java,653,LoginSessionAggregate,1,application_orchestration
hello-travel-application/src/main/java/com/hellotravel/application/chat/assembler/ChatApplicationAssembler.java,34,ConversationResult,6,layer_assembler
hello-travel-application/src/main/java/com/hellotravel/application/chat/assembler/ChatApplicationAssembler.java,51,MessageResult,7,layer_assembler
hello-travel-application/src/main/java/com/hellotravel/application/chat/assembler/ChatApplicationAssembler.java,70,RunResult,6,layer_assembler
hello-travel-application/src/main/java/com/hellotravel/application/chat/assembler/ChatApplicationAssembler.java,88,ChatResult,9,layer_assembler
hello-travel-application/src/main/java/com/hellotravel/application/chat/assembler/ChatApplicationAssembler.java,104,ChatResult,9,layer_assembler
hello-travel-application/src/main/java/com/hellotravel/application/chat/assembler/ChatApplicationAssembler.java,125,ChatResult,9,layer_assembler
hello-travel-application/src/main/java/com/hellotravel/application/chat/assembler/ChatApplicationAssembler.java,156,ChatResult,9,layer_assembler
hello-travel-application/src/main/java/com/hellotravel/application/chat/assembler/ChatApplicationAssembler.java,183,ChatResult,9,layer_assembler
hello-travel-application/src/main/java/com/hellotravel/application/chat/assembler/ChatApplicationAssembler.java,206,ChatResult,9,layer_assembler
hello-travel-application/src/main/java/com/hellotravel/application/chat/assembler/ChatApplicationAssembler.java,227,ChatResult,9,layer_assembler
hello-travel-application/src/main/java/com/hellotravel/application/chat/assembler/ChatApplicationAssembler.java,242,ChatResult,9,layer_assembler
hello-travel-application/src/main/java/com/hellotravel/application/chat/assembler/ChatApplicationAssembler.java,263,ChatCommand,14,layer_assembler
hello-travel-application/src/main/java/com/hellotravel/application/chat/assembler/ChatWriteApplicationAssembler.java,30,ConversationWriteParam,1,layer_assembler
hello-travel-application/src/main/java/com/hellotravel/application/chat/assembler/ChatWriteApplicationAssembler.java,41,MessageWriteParam,1,layer_assembler
hello-travel-application/src/main/java/com/hellotravel/application/chat/assembler/ChatWriteApplicationAssembler.java,52,ChatRunWriteParam,1,layer_assembler
hello-travel-application/src/main/java/com/hellotravel/application/chat/assembler/ChatWriteApplicationAssembler.java,63,ModelInvocationWriteParam,1,layer_assembler
hello-travel-application/src/main/java/com/hellotravel/application/chat/workflow/ChatFlow.java,79,ApplicationException,1,application_orchestration
hello-travel-application/src/main/java/com/hellotravel/application/chat/workflow/ChatFlow.java,95,ApplicationException,1,application_orchestration
hello-travel-application/src/main/java/com/hellotravel/application/chat/workflow/ChatFlow.java,117,ApplicationException,1,application_orchestration
hello-travel-application/src/main/java/com/hellotravel/application/chat/workflow/ChatFlow.java,132,ApplicationException,1,application_orchestration
hello-travel-application/src/main/java/com/hellotravel/application/chat/workflow/ChatFlow.java,142,ApplicationException,1,application_orchestration
hello-travel-application/src/main/java/com/hellotravel/application/chat/workflow/ChatFlow.java,151,ApplicationException,1,application_orchestration
hello-travel-application/src/main/java/com/hellotravel/application/chat/workflow/ChatFlow.java,218,ConversationAggregate,1,application_orchestration
hello-travel-application/src/main/java/com/hellotravel/application/chat/workflow/ChatFlow.java,238,ConversationAggregate,1,application_orchestration
hello-travel-application/src/main/java/com/hellotravel/application/chat/workflow/ChatFlow.java,259,ApplicationException,1,application_orchestration
hello-travel-application/src/main/java/com/hellotravel/application/chat/workflow/ChatFlow.java,279,ApplicationException,1,application_orchestration
hello-travel-application/src/main/java/com/hellotravel/application/chat/workflow/ChatFlow.java,288,ApplicationException,1,application_orchestration
hello-travel-application/src/main/java/com/hellotravel/application/chat/workflow/ChatFlow.java,294,ApplicationException,1,application_orchestration
hello-travel-application/src/main/java/com/hellotravel/application/chat/workflow/ChatFlow.java,314,ApplicationException,1,application_orchestration
hello-travel-application/src/main/java/com/hellotravel/application/chat/workflow/ChatFlow.java,340,ApplicationException,1,application_orchestration
hello-travel-application/src/main/java/com/hellotravel/application/chat/workflow/ChatFlow.java,354,ApplicationException,1,application_orchestration
hello-travel-application/src/main/java/com/hellotravel/application/chat/workflow/ChatFlow.java,362,ConversationAggregate,1,application_orchestration
hello-travel-application/src/main/java/com/hellotravel/application/chat/workflow/ChatFlow.java,364,MessageAggregate,1,application_orchestration
hello-travel-application/src/main/java/com/hellotravel/application/chat/workflow/ChatFlow.java,366,MessageAggregate,1,application_orchestration
hello-travel-application/src/main/java/com/hellotravel/application/chat/workflow/ChatFlow.java,395,ChatRunAggregate,1,application_orchestration
hello-travel-application/src/main/java/com/hellotravel/application/chat/workflow/ChatFlow.java,434,ChatRunAggregate,1,application_orchestration
hello-travel-application/src/main/java/com/hellotravel/application/chat/workflow/ChatFlow.java,439,MessageAggregate,1,application_orchestration
hello-travel-application/src/main/java/com/hellotravel/application/chat/workflow/ChatFlow.java,473,ApplicationException,1,application_orchestration
hello-travel-application/src/main/java/com/hellotravel/application/chat/workflow/ChatFlow.java,485,ApplicationException,1,application_orchestration
hello-travel-application/src/main/java/com/hellotravel/application/chat/workflow/ChatFlow.java,488,ChatRunAggregate,1,application_orchestration
hello-travel-application/src/main/java/com/hellotravel/application/chat/workflow/ChatFlow.java,490,ChatRunAggregate,1,application_orchestration
hello-travel-application/src/main/java/com/hellotravel/application/chat/workflow/ChatFlow.java,494,MessageAggregate,1,application_orchestration
hello-travel-application/src/main/java/com/hellotravel/application/chat/workflow/ChatFlow.java,522,ApplicationException,1,application_orchestration
hello-travel-application/src/main/java/com/hellotravel/application/chat/workflow/ChatFlow.java,528,ChatRunAggregate,1,application_orchestration
hello-travel-application/src/main/java/com/hellotravel/application/chat/workflow/ChatFlow.java,536,ApplicationException,1,application_orchestration
hello-travel-application/src/main/java/com/hellotravel/application/chat/workflow/ChatFlow.java,545,HashSet,1,application_orchestration
hello-travel-application/src/main/java/com/hellotravel/application/chat/workflow/ChatFlow.java,546,ApplicationException,1,application_orchestration
hello-travel-application/src/main/java/com/hellotravel/application/chat/workflow/ChatFlow.java,551,MessageAggregate,1,application_orchestration
hello-travel-application/src/main/java/com/hellotravel/application/chat/workflow/ChatFlow.java,557,ConversationAggregate,1,application_orchestration
hello-travel-application/src/main/java/com/hellotravel/application/file/assembler/FileCommandAssembler.java,24,FileCommand,4,layer_assembler
hello-travel-application/src/main/java/com/hellotravel/application/file/assembler/FileCommandAssembler.java,35,FileCommand,4,layer_assembler
hello-travel-application/src/main/java/com/hellotravel/application/file/assembler/FileCommandAssembler.java,46,FileCommand,4,layer_assembler
hello-travel-application/src/main/java/com/hellotravel/application/jobs/workflow/BackgroundJobs.java,60,ThreadPoolExecutor,7,application_orchestration
hello-travel-application/src/main/java/com/hellotravel/application/jobs/workflow/BackgroundJobs.java,65,ArrayBlockingQueue,1,application_orchestration
hello-travel-application/src/main/java/com/hellotravel/application/jobs/workflow/BackgroundJobs.java,68,Thread,2,application_orchestration
hello-travel-application/src/main/java/com/hellotravel/application/jobs/workflow/BackgroundJobs.java,74,AbortPolicy,0,application_orchestration
hello-travel-application/src/main/java/com/hellotravel/application/jobs/workflow/BackgroundJobs.java,144,OutboxEventAggregate,1,application_orchestration
hello-travel-application/src/main/java/com/hellotravel/application/jobs/workflow/BackgroundJobs.java,152,OutboxEventAggregate,1,application_orchestration
hello-travel-application/src/main/java/com/hellotravel/application/jobs/workflow/BackgroundJobs.java,189,IllegalArgumentException,1,application_orchestration
hello-travel-application/src/main/java/com/hellotravel/application/jobs/workflow/BackgroundJobs.java,230,EmailChallengeAggregate,1,application_orchestration
hello-travel-application/src/main/java/com/hellotravel/application/jobs/workflow/BackgroundJobs.java,238,ApplicationException,1,application_orchestration
hello-travel-application/src/main/java/com/hellotravel/application/jobs/workflow/BackgroundJobs.java,271,OutboxEventAggregate,1,application_orchestration
hello-travel-application/src/main/java/com/hellotravel/application/jobs/workflow/RetentionJobs.java,96,EmailChallengeAggregate,1,application_orchestration
hello-travel-application/src/main/java/com/hellotravel/application/jobs/workflow/RetentionJobs.java,128,LoginSessionAggregate,1,application_orchestration
hello-travel-application/src/main/java/com/hellotravel/application/knowledge/assembler/KnowledgeApplicationAssembler.java,37,DocumentResult,7,layer_assembler
hello-travel-application/src/main/java/com/hellotravel/application/knowledge/assembler/KnowledgeApplicationAssembler.java,65,KnowledgeResult,3,layer_assembler
hello-travel-application/src/main/java/com/hellotravel/application/knowledge/assembler/KnowledgeApplicationAssembler.java,79,KnowledgeResult,3,layer_assembler
hello-travel-application/src/main/java/com/hellotravel/application/knowledge/assembler/KnowledgeWriteApplicationAssembler.java,28,KnowledgeDocumentWriteParam,1,layer_assembler
hello-travel-application/src/main/java/com/hellotravel/application/knowledge/assembler/KnowledgeWriteApplicationAssembler.java,39,KnowledgeChunkWriteParam,1,layer_assembler
hello-travel-application/src/main/java/com/hellotravel/application/knowledge/assembler/KnowledgeWriteApplicationAssembler.java,50,IndexJobWriteParam,1,layer_assembler
hello-travel-application/src/main/java/com/hellotravel/application/knowledge/assembler/VectorCommandAssembler.java,28,VectorCommand,6,layer_assembler
hello-travel-application/src/main/java/com/hellotravel/application/knowledge/assembler/VectorCommandAssembler.java,41,VectorCommand,6,layer_assembler
hello-travel-application/src/main/java/com/hellotravel/application/knowledge/assembler/VectorCommandAssembler.java,61,VectorCommand,6,layer_assembler
hello-travel-application/src/main/java/com/hellotravel/application/knowledge/assembler/VectorCommandAssembler.java,80,VectorCommand,6,layer_assembler
hello-travel-application/src/main/java/com/hellotravel/application/knowledge/assembler/VectorCommandAssembler.java,102,VectorItemCommand,6,layer_assembler
hello-travel-application/src/main/java/com/hellotravel/application/knowledge/workflow/KnowledgeFlow.java,73,ApplicationException,1,application_orchestration
hello-travel-application/src/main/java/com/hellotravel/application/knowledge/workflow/KnowledgeFlow.java,109,ApplicationException,1,application_orchestration
hello-travel-application/src/main/java/com/hellotravel/application/knowledge/workflow/KnowledgeFlow.java,114,ApplicationException,1,application_orchestration
hello-travel-application/src/main/java/com/hellotravel/application/knowledge/workflow/KnowledgeFlow.java,116,KnowledgeDocumentAggregate,1,application_orchestration
hello-travel-application/src/main/java/com/hellotravel/application/knowledge/workflow/KnowledgeFlow.java,119,KnowledgeDocumentAggregate,1,application_orchestration
hello-travel-application/src/main/java/com/hellotravel/application/knowledge/workflow/KnowledgeFlow.java,125,KnowledgeDocumentAggregate,1,application_orchestration
hello-travel-application/src/main/java/com/hellotravel/application/knowledge/workflow/KnowledgeFlow.java,128,ApplicationException,1,application_orchestration
hello-travel-application/src/main/java/com/hellotravel/application/knowledge/workflow/KnowledgeFlow.java,155,IndexJobAggregate,1,application_orchestration
hello-travel-application/src/main/java/com/hellotravel/application/knowledge/workflow/KnowledgeFlow.java,179,ApplicationException,1,application_orchestration
hello-travel-application/src/main/java/com/hellotravel/application/knowledge/workflow/KnowledgeFlow.java,186,ApplicationException,1,application_orchestration
hello-travel-application/src/main/java/com/hellotravel/application/knowledge/workflow/KnowledgeFlow.java,201,KnowledgeDocumentAggregate,1,application_orchestration
hello-travel-application/src/main/java/com/hellotravel/application/knowledge/workflow/KnowledgeIndexer.java,56,AtomicReference,1,application_orchestration
hello-travel-application/src/main/java/com/hellotravel/application/knowledge/workflow/KnowledgeIndexer.java,64,AtomicLong,0,application_orchestration
hello-travel-application/src/main/java/com/hellotravel/application/knowledge/workflow/KnowledgeIndexer.java,125,ApplicationException,1,application_orchestration
hello-travel-application/src/main/java/com/hellotravel/application/knowledge/workflow/KnowledgeIndexer.java,152,ArrayList,0,application_orchestration
hello-travel-application/src/main/java/com/hellotravel/application/knowledge/workflow/KnowledgeIndexer.java,156,ApplicationException,1,application_orchestration
hello-travel-application/src/main/java/com/hellotravel/application/knowledge/workflow/KnowledgeIndexer.java,158,String,3,application_orchestration
hello-travel-application/src/main/java/com/hellotravel/application/knowledge/workflow/KnowledgeIndexer.java,174,ApplicationException,1,application_orchestration
hello-travel-application/src/main/java/com/hellotravel/application/knowledge/workflow/KnowledgeIndexer.java,193,KnowledgeDocumentAggregate,1,application_orchestration
hello-travel-application/src/main/java/com/hellotravel/application/knowledge/workflow/KnowledgeIndexer.java,223,IndexJobAggregate,1,application_orchestration
hello-travel-application/src/main/java/com/hellotravel/application/knowledge/workflow/KnowledgeIndexer.java,225,IndexJobAggregate,1,application_orchestration
hello-travel-application/src/main/java/com/hellotravel/application/knowledge/workflow/KnowledgeIndexer.java,235,KnowledgeDocumentAggregate,1,application_orchestration
hello-travel-application/src/main/java/com/hellotravel/application/knowledge/workflow/KnowledgeIndexer.java,310,KnowledgeDocumentAggregate,1,application_orchestration
hello-travel-application/src/main/java/com/hellotravel/application/knowledge/workflow/KnowledgeIndexer.java,320,KnowledgeChunkAggregate,1,application_orchestration
hello-travel-application/src/main/java/com/hellotravel/application/knowledge/workflow/KnowledgeIndexer.java,323,KnowledgeChunkAggregate,1,application_orchestration
hello-travel-application/src/main/java/com/hellotravel/application/knowledge/workflow/KnowledgeIndexer.java,380,ApplicationException,1,application_orchestration
hello-travel-application/src/main/java/com/hellotravel/application/knowledge/workflow/KnowledgeIndexer.java,401,IndexJobAggregate,1,application_orchestration
hello-travel-application/src/main/java/com/hellotravel/application/knowledge/workflow/KnowledgeIndexer.java,404,IndexJobAggregate,1,application_orchestration
hello-travel-application/src/main/java/com/hellotravel/application/knowledge/workflow/KnowledgeIndexer.java,440,ApplicationException,1,application_orchestration
hello-travel-application/src/main/java/com/hellotravel/application/knowledge/workflow/KnowledgeIndexer.java,443,ArrayList,0,application_orchestration
hello-travel-application/src/main/java/com/hellotravel/application/knowledge/workflow/KnowledgeIndexer.java,467,KnowledgeChunkAggregate,1,application_orchestration
hello-travel-application/src/main/java/com/hellotravel/application/knowledge/workflow/KnowledgeIndexer.java,495,KnowledgeChunkAggregate,1,application_orchestration
hello-travel-application/src/main/java/com/hellotravel/application/knowledge/workflow/KnowledgeIndexer.java,498,KnowledgeChunkAggregate,1,application_orchestration
hello-travel-application/src/main/java/com/hellotravel/application/knowledge/workflow/RagFlow.java,73,ApplicationException,1,application_orchestration
hello-travel-application/src/main/java/com/hellotravel/application/knowledge/workflow/RagFlow.java,82,ApplicationException,1,application_orchestration
hello-travel-application/src/main/java/com/hellotravel/application/knowledge/workflow/RagFlow.java,85,ArrayList,0,application_orchestration
hello-travel-application/src/main/java/com/hellotravel/application/mail/assembler/MailCommandAssembler.java,26,MailCommand,3,layer_assembler
hello-travel-application/src/main/java/com/hellotravel/application/memory/assembler/ContextApplicationAssembler.java,34,LinkedHashMap,1,layer_assembler
hello-travel-application/src/main/java/com/hellotravel/application/memory/assembler/MemoryWriteApplicationAssembler.java,29,MemorySummaryWriteParam,1,layer_assembler
hello-travel-application/src/main/java/com/hellotravel/application/memory/assembler/MemoryWriteApplicationAssembler.java,40,MemoryFactWriteParam,1,layer_assembler
hello-travel-application/src/main/java/com/hellotravel/application/memory/assembler/MemoryWriteApplicationAssembler.java,51,MemoryFactSourceWriteParam,1,layer_assembler
hello-travel-application/src/main/java/com/hellotravel/application/memory/assembler/MemoryWriteApplicationAssembler.java,62,MemoryFactSourceRemoveParam,1,layer_assembler
hello-travel-application/src/main/java/com/hellotravel/application/memory/workflow/MemoryFlow.java,154,TreeMap,0,application_orchestration
hello-travel-application/src/main/java/com/hellotravel/application/memory/workflow/MemoryFlow.java,160,ArrayList,0,application_orchestration
hello-travel-application/src/main/java/com/hellotravel/application/memory/workflow/MemoryFlow.java,205,StringBuilder,0,application_orchestration
hello-travel-application/src/main/java/com/hellotravel/application/memory/workflow/MemoryFlow.java,268,ApplicationException,1,application_orchestration
hello-travel-application/src/main/java/com/hellotravel/application/memory/workflow/MemoryFlow.java,286,ApplicationException,1,application_orchestration
hello-travel-application/src/main/java/com/hellotravel/application/memory/workflow/MemoryFlow.java,335,MemorySummaryAggregate,1,application_orchestration
hello-travel-application/src/main/java/com/hellotravel/application/memory/workflow/MemoryFlow.java,460,MemoryFactAggregate,1,application_orchestration
hello-travel-application/src/main/java/com/hellotravel/application/memory/workflow/MemoryFlow.java,465,MemoryFactAggregate,1,application_orchestration
hello-travel-application/src/main/java/com/hellotravel/application/memory/workflow/MemoryFlow.java,478,MemoryFactSourceAggregate,1,application_orchestration
hello-travel-application/src/main/java/com/hellotravel/application/memory/workflow/MemoryFlow.java,484,MemoryFactAggregate,1,application_orchestration
hello-travel-application/src/main/java/com/hellotravel/application/memory/workflow/MemoryFlow.java,509,MemoryFactSourceAggregate,1,application_orchestration
hello-travel-application/src/main/java/com/hellotravel/application/memory/workflow/MemoryFlow.java,531,ModelInvocationAggregate,1,application_orchestration
hello-travel-application/src/main/java/com/hellotravel/application/memory/workflow/MemoryFlow.java,543,ModelInvocationAggregate,1,application_orchestration
hello-travel-application/src/main/java/com/hellotravel/application/memory/workflow/MemoryFlow.java,570,ModelInvocationAggregate,1,application_orchestration
hello-travel-application/src/main/java/com/hellotravel/application/memory/workflow/PrivacyCleanup.java,80,MemorySummaryAggregate,1,application_orchestration
hello-travel-application/src/main/java/com/hellotravel/application/memory/workflow/PrivacyCleanup.java,99,MemoryFactAggregate,1,application_orchestration
hello-travel-application/src/main/java/com/hellotravel/application/memory/workflow/PrivacyCleanup.java,110,MessageAggregate,1,application_orchestration
hello-travel-application/src/main/java/com/hellotravel/application/model/assembler/ModelCommandAssembler.java,25,ModelCommand,5,layer_assembler
hello-travel-application/src/main/java/com/hellotravel/application/model/assembler/ModelCommandAssembler.java,37,ModelCommand,5,layer_assembler
hello-travel-application/src/main/java/com/hellotravel/application/model/assembler/ModelCommandAssembler.java,53,ModelCommand,5,layer_assembler
hello-travel-application/src/main/java/com/hellotravel/application/model/assembler/ModelCommandAssembler.java,69,ModelCommand,5,layer_assembler
hello-travel-application/src/main/java/com/hellotravel/application/model/assembler/ModelCommandAssembler.java,92,ModelCommand,5,layer_assembler
hello-travel-application/src/main/java/com/hellotravel/application/model/assembler/ModelCommandAssembler.java,104,PromptMessageCommand,2,layer_assembler
hello-travel-application/src/main/java/com/hellotravel/application/model/assembler/ModelCommandAssembler.java,115,PromptMessageCommand,2,layer_assembler
hello-travel-application/src/main/java/com/hellotravel/application/model/policy/ModelContextPolicy.java,54,ApplicationException,1,named_policy
hello-travel-application/src/main/java/com/hellotravel/application/security/assembler/SecurityCommandAssembler.java,33,SecurityCommand,4,layer_assembler
hello-travel-application/src/main/java/com/hellotravel/application/security/assembler/SecurityCommandAssembler.java,45,SecurityCommand,4,layer_assembler
hello-travel-application/src/main/java/com/hellotravel/application/security/assembler/SecurityCommandAssembler.java,56,SecurityCommand,4,layer_assembler
hello-travel-application/src/main/java/com/hellotravel/application/security/assembler/SecurityCommandAssembler.java,68,SecurityCommand,4,layer_assembler
hello-travel-application/src/main/java/com/hellotravel/application/security/assembler/SecurityCommandAssembler.java,78,SecurityCommand,4,layer_assembler
hello-travel-application/src/main/java/com/hellotravel/application/security/assembler/SecurityCommandAssembler.java,88,SecurityCommand,4,layer_assembler
hello-travel-application/src/main/java/com/hellotravel/application/security/assembler/SecurityCommandAssembler.java,100,SecurityCommand,4,layer_assembler
hello-travel-application/src/main/java/com/hellotravel/application/security/assembler/SecurityCommandAssembler.java,112,SecurityCommand,4,layer_assembler
hello-travel-application/src/main/java/com/hellotravel/application/security/assembler/SecurityCommandAssembler.java,124,SecurityCommand,4,layer_assembler
hello-travel-application/src/main/java/com/hellotravel/application/support/ApplicationFailures.java,64,ApplicationException,1,application_orchestration
hello-travel-application/src/main/java/com/hellotravel/application/support/ApplicationFailures.java,68,ApplicationException,1,application_orchestration
hello-travel-application/src/main/java/com/hellotravel/application/support/ApplicationFailures.java,72,ApplicationException,1,application_orchestration
hello-travel-application/src/main/java/com/hellotravel/application/support/Json.java,18,ObjectMapper,0,application_orchestration
hello-travel-application/src/main/java/com/hellotravel/application/support/Json.java,39,IllegalArgumentException,1,application_orchestration
hello-travel-application/src/main/java/com/hellotravel/application/support/Json.java,54,IllegalArgumentException,1,application_orchestration
hello-travel-application/src/main/java/com/hellotravel/application/sync/assembler/SyncApplicationAssembler.java,26,SyncEventResult,6,layer_assembler
hello-travel-application/src/main/java/com/hellotravel/application/sync/assembler/SyncApplicationAssembler.java,47,SyncResult,3,layer_assembler
hello-travel-application/src/main/java/com/hellotravel/application/sync/assembler/SyncWriteApplicationAssembler.java,27,SyncEventWriteParam,1,layer_assembler
hello-travel-application/src/main/java/com/hellotravel/application/sync/assembler/SyncWriteApplicationAssembler.java,38,SyncEventRemoveParam,1,layer_assembler
hello-travel-application/src/main/java/com/hellotravel/application/sync/assembler/SyncWriteApplicationAssembler.java,49,OutboxEventWriteParam,1,layer_assembler
hello-travel-application/src/main/java/com/hellotravel/application/sync/service/SyncApplication.java,50,ApplicationException,1,application_orchestration
hello-travel-application/src/main/java/com/hellotravel/application/sync/service/SyncApplication.java,57,ApplicationException,1,application_orchestration
hello-travel-application/src/main/java/com/hellotravel/application/sync/service/SyncApplication.java,74,ApplicationException,1,application_orchestration
hello-travel-application/src/main/java/com/hellotravel/application/sync/workflow/SyncEvents.java,60,SyncEventAggregate,1,application_orchestration
hello-travel-application/src/main/java/com/hellotravel/application/sync/workflow/SyncEvents.java,91,OutboxEventAggregate,1,application_orchestration
hello-travel-application/src/main/java/com/hellotravel/application/travel/assembler/TravelCommandAssembler.java,24,TravelCommand,4,layer_assembler
hello-travel-application/src/main/java/com/hellotravel/application/travel/workflow/RunCoordinator.java,65,ApplicationException,1,application_orchestration
hello-travel-application/src/main/java/com/hellotravel/application/travel/workflow/RunCoordinator.java,84,ApplicationException,1,application_orchestration
hello-travel-application/src/main/java/com/hellotravel/application/travel/workflow/RunCoordinator.java,88,ApplicationException,1,application_orchestration
hello-travel-application/src/main/java/com/hellotravel/application/travel/workflow/RunCoordinator.java,91,ChatRunAggregate,1,application_orchestration
hello-travel-application/src/main/java/com/hellotravel/application/travel/workflow/RunCoordinator.java,93,ChatRunAggregate,1,application_orchestration
hello-travel-application/src/main/java/com/hellotravel/application/travel/workflow/RunCoordinator.java,100,MessageAggregate,1,application_orchestration
hello-travel-application/src/main/java/com/hellotravel/application/travel/workflow/RunCoordinator.java,135,ApplicationException,1,application_orchestration
hello-travel-application/src/main/java/com/hellotravel/application/travel/workflow/RunCoordinator.java,158,ChatRunAggregate,1,application_orchestration
hello-travel-application/src/main/java/com/hellotravel/application/travel/workflow/RunCoordinator.java,201,ChatRunAggregate,1,application_orchestration
hello-travel-application/src/main/java/com/hellotravel/application/travel/workflow/RunCoordinator.java,215,MessageAggregate,1,application_orchestration
hello-travel-application/src/main/java/com/hellotravel/application/travel/workflow/RunCoordinator.java,276,ModelInvocationAggregate,1,application_orchestration
hello-travel-application/src/main/java/com/hellotravel/application/travel/workflow/RunCoordinator.java,313,ModelInvocationAggregate,1,application_orchestration
hello-travel-application/src/main/java/com/hellotravel/application/travel/workflow/RunCoordinator.java,341,ChatRunAggregate,1,application_orchestration
hello-travel-application/src/main/java/com/hellotravel/application/travel/workflow/RunCoordinator.java,347,ChatRunAggregate,1,application_orchestration
hello-travel-application/src/main/java/com/hellotravel/application/travel/workflow/RunCoordinator.java,357,MessageAggregate,1,application_orchestration
hello-travel-application/src/main/java/com/hellotravel/application/travel/workflow/RunCoordinator.java,403,ChatRunAggregate,1,application_orchestration
hello-travel-application/src/main/java/com/hellotravel/application/travel/workflow/RunCoordinator.java,411,MessageAggregate,1,application_orchestration
hello-travel-application/src/main/java/com/hellotravel/application/travel/workflow/RunCoordinator.java,452,ChatRunAggregate,1,application_orchestration
hello-travel-application/src/main/java/com/hellotravel/application/travel/workflow/RunCoordinator.java,461,MessageAggregate,1,application_orchestration
hello-travel-application/src/main/java/com/hellotravel/application/travel/workflow/RunCoordinator.java,503,ChatRunAggregate,1,application_orchestration
hello-travel-application/src/main/java/com/hellotravel/application/travel/workflow/RunCoordinator.java,513,MessageAggregate,1,application_orchestration
hello-travel-application/src/main/java/com/hellotravel/application/travel/workflow/TravelGraph.java,81,Context,1,application_orchestration
hello-travel-application/src/main/java/com/hellotravel/application/travel/workflow/TravelGraph.java,85,StateGraph,1,application_orchestration
hello-travel-application/src/main/java/com/hellotravel/application/travel/workflow/TravelGraph.java,147,ApplicationException,1,application_orchestration
hello-travel-application/src/main/java/com/hellotravel/application/travel/workflow/TravelGraph.java,196,ApplicationException,1,application_orchestration
hello-travel-application/src/main/java/com/hellotravel/application/travel/workflow/TravelGraph.java,258,ApplicationException,1,application_orchestration
hello-travel-application/src/main/java/com/hellotravel/application/travel/workflow/TravelGraph.java,282,ApplicationException,1,application_orchestration
hello-travel-application/src/main/java/com/hellotravel/application/travel/workflow/TravelGraph.java,306,ArrayList,1,application_orchestration
hello-travel-application/src/main/java/com/hellotravel/application/travel/workflow/TravelGraph.java,313,AtomicLong,1,application_orchestration
hello-travel-application/src/main/java/com/hellotravel/application/travel/workflow/TravelGraph.java,337,ApplicationException,1,application_orchestration
hello-travel-application/src/main/java/com/hellotravel/application/tx/Transactions.java,49,TransactionTemplate,1,application_orchestration
hello-travel-application/src/main/java/com/hellotravel/application/tx/Transactions.java,66,TransactionTemplate,1,application_orchestration
hello-travel-application/src/main/java/com/hellotravel/application/tx/Transactions.java,96,ApplicationException,1,application_orchestration
hello-travel-application/src/main/java/com/hellotravel/application/tx/Transactions.java,100,UserAccountAggregate,1,application_orchestration
hello-travel-application/src/main/java/com/hellotravel/application/tx/Transactions.java,104,UserAccountAggregate,1,application_orchestration
hello-travel-application/src/main/java/com/hellotravel/application/tx/Transactions.java,114,ApplicationException,1,application_orchestration
hello-travel-application/src/main/java/com/hellotravel/application/tx/Transactions.java,119,ApplicationException,1,application_orchestration
hello-travel-application/src/main/java/com/hellotravel/application/tx/Transactions.java,131,ApplicationException,1,application_orchestration
hello-travel-common/src/main/java/com/hellotravel/common/identity/Ids.java,22,SecureRandom,0,common_or_start
hello-travel-common/src/main/java/com/hellotravel/common/identity/Ids.java,58,BigInteger,2,common_or_start
hello-travel-common/src/main/java/com/hellotravel/common/identity/Ids.java,66,String,1,common_or_start
hello-travel-common/src/main/java/com/hellotravel/common/identity/Ids.java,96,IllegalStateException,1,common_or_start
hello-travel-common/src/main/java/com/hellotravel/common/result/Result.java,26,Result,4,common_or_start
hello-travel-common/src/main/java/com/hellotravel/common/result/Result.java,38,Result,4,common_or_start
hello-travel-common/src/main/java/com/hellotravel/common/result/Result.java,50,IllegalStateException,1,common_or_start
hello-travel-domain/src/main/java/com/hellotravel/domain/auth/model/aggregate/DeviceAggregate.java,23,DomainException,1,domain_model_or_decision
hello-travel-domain/src/main/java/com/hellotravel/domain/auth/model/aggregate/DeviceAggregate.java,46,DomainException,1,domain_model_or_decision
hello-travel-domain/src/main/java/com/hellotravel/domain/auth/model/aggregate/DeviceAggregate.java,63,DeviceAggregate,1,domain_model_or_decision
hello-travel-domain/src/main/java/com/hellotravel/domain/auth/model/aggregate/EmailChallengeAggregate.java,23,DomainException,1,domain_model_or_decision
hello-travel-domain/src/main/java/com/hellotravel/domain/auth/model/aggregate/EmailChallengeAggregate.java,46,DomainException,1,domain_model_or_decision
hello-travel-domain/src/main/java/com/hellotravel/domain/auth/model/aggregate/EmailChallengeAggregate.java,60,EmailChallengeAggregate,1,domain_model_or_decision
hello-travel-domain/src/main/java/com/hellotravel/domain/auth/model/aggregate/EmailChallengeAggregate.java,71,EmailChallengeAggregate,1,domain_model_or_decision
hello-travel-domain/src/main/java/com/hellotravel/domain/auth/model/aggregate/EmailChallengeAggregate.java,83,EmailChallengeAggregate,1,domain_model_or_decision
hello-travel-domain/src/main/java/com/hellotravel/domain/auth/model/aggregate/EmailChallengeAggregate.java,110,EmailChallengeAggregate,1,domain_model_or_decision
hello-travel-domain/src/main/java/com/hellotravel/domain/auth/model/aggregate/LoginSessionAggregate.java,25,DomainException,1,domain_model_or_decision
hello-travel-domain/src/main/java/com/hellotravel/domain/auth/model/aggregate/LoginSessionAggregate.java,48,DomainException,1,domain_model_or_decision
hello-travel-domain/src/main/java/com/hellotravel/domain/auth/model/aggregate/LoginSessionAggregate.java,63,LoginSessionAggregate,1,domain_model_or_decision
hello-travel-domain/src/main/java/com/hellotravel/domain/auth/model/aggregate/LoginSessionAggregate.java,79,LoginSessionAggregate,1,domain_model_or_decision
hello-travel-domain/src/main/java/com/hellotravel/domain/auth/model/aggregate/LoginSessionAggregate.java,104,LoginSessionAggregate,1,domain_model_or_decision
hello-travel-domain/src/main/java/com/hellotravel/domain/auth/model/aggregate/RefreshReceiptAggregate.java,23,DomainException,1,domain_model_or_decision
hello-travel-domain/src/main/java/com/hellotravel/domain/auth/model/aggregate/RefreshReceiptAggregate.java,46,DomainException,1,domain_model_or_decision
hello-travel-domain/src/main/java/com/hellotravel/domain/auth/model/aggregate/RefreshReceiptAggregate.java,70,RefreshReceiptAggregate,1,domain_model_or_decision
hello-travel-domain/src/main/java/com/hellotravel/domain/auth/model/aggregate/UserAccountAggregate.java,23,DomainException,1,domain_model_or_decision
hello-travel-domain/src/main/java/com/hellotravel/domain/auth/model/aggregate/UserAccountAggregate.java,46,DomainException,1,domain_model_or_decision
hello-travel-domain/src/main/java/com/hellotravel/domain/auth/model/aggregate/UserAccountAggregate.java,60,UserAccountAggregate,1,domain_model_or_decision
hello-travel-domain/src/main/java/com/hellotravel/domain/auth/model/aggregate/UserAccountAggregate.java,72,UserAccountAggregate,1,domain_model_or_decision
hello-travel-domain/src/main/java/com/hellotravel/domain/auth/model/aggregate/UserAccountAggregate.java,93,UserAccountAggregate,1,domain_model_or_decision
hello-travel-domain/src/main/java/com/hellotravel/domain/auth/model/entity/DeviceEntity.java,76,DeviceEntity,9,domain_model_or_decision
hello-travel-domain/src/main/java/com/hellotravel/domain/auth/model/entity/DeviceEntity.java,88,DomainException,1,domain_model_or_decision
hello-travel-domain/src/main/java/com/hellotravel/domain/auth/model/entity/DeviceEntity.java,92,DomainException,1,domain_model_or_decision
hello-travel-domain/src/main/java/com/hellotravel/domain/auth/model/entity/DeviceEntity.java,96,DomainException,1,domain_model_or_decision
hello-travel-domain/src/main/java/com/hellotravel/domain/auth/model/entity/EmailChallengeEntity.java,66,IllegalStateException,1,domain_model_or_decision
hello-travel-domain/src/main/java/com/hellotravel/domain/auth/model/entity/EmailChallengeEntity.java,69,EmailChallengeEntity,16,domain_model_or_decision
hello-travel-domain/src/main/java/com/hellotravel/domain/auth/model/entity/EmailChallengeEntity.java,98,EmailChallengeEntity,16,domain_model_or_decision
hello-travel-domain/src/main/java/com/hellotravel/domain/auth/model/entity/EmailChallengeEntity.java,126,EmailChallengeEntity,16,domain_model_or_decision
hello-travel-domain/src/main/java/com/hellotravel/domain/auth/model/entity/EmailChallengeEntity.java,187,DomainException,1,domain_model_or_decision
hello-travel-domain/src/main/java/com/hellotravel/domain/auth/model/entity/EmailChallengeEntity.java,191,DomainException,1,domain_model_or_decision
hello-travel-domain/src/main/java/com/hellotravel/domain/auth/model/entity/EmailChallengeEntity.java,219,EmailChallengeEntity,16,domain_model_or_decision
hello-travel-domain/src/main/java/com/hellotravel/domain/auth/model/entity/LoginSessionEntity.java,69,LoginSessionEntity,17,domain_model_or_decision
hello-travel-domain/src/main/java/com/hellotravel/domain/auth/model/entity/LoginSessionEntity.java,103,IllegalStateException,1,domain_model_or_decision
hello-travel-domain/src/main/java/com/hellotravel/domain/auth/model/entity/LoginSessionEntity.java,106,LoginSessionEntity,17,domain_model_or_decision
hello-travel-domain/src/main/java/com/hellotravel/domain/auth/model/entity/LoginSessionEntity.java,189,SessionCredentialsValue,4,domain_model_or_decision
hello-travel-domain/src/main/java/com/hellotravel/domain/auth/model/entity/LoginSessionEntity.java,192,IllegalArgumentException,1,domain_model_or_decision
hello-travel-domain/src/main/java/com/hellotravel/domain/auth/model/entity/LoginSessionEntity.java,195,LoginSessionEntity,17,domain_model_or_decision
hello-travel-domain/src/main/java/com/hellotravel/domain/auth/model/entity/LoginSessionEntity.java,224,DomainException,1,domain_model_or_decision
hello-travel-domain/src/main/java/com/hellotravel/domain/auth/model/entity/LoginSessionEntity.java,228,DomainException,1,domain_model_or_decision
hello-travel-domain/src/main/java/com/hellotravel/domain/auth/model/entity/LoginSessionEntity.java,232,DomainException,1,domain_model_or_decision
hello-travel-domain/src/main/java/com/hellotravel/domain/auth/model/entity/LoginSessionEntity.java,236,DomainException,1,domain_model_or_decision
hello-travel-domain/src/main/java/com/hellotravel/domain/auth/model/entity/RefreshReceiptEntity.java,65,DomainException,1,domain_model_or_decision
hello-travel-domain/src/main/java/com/hellotravel/domain/auth/model/entity/RefreshReceiptEntity.java,87,RefreshReceiptEntity,6,domain_model_or_decision
hello-travel-domain/src/main/java/com/hellotravel/domain/auth/model/entity/UserAccountEntity.java,45,IllegalStateException,1,domain_model_or_decision
hello-travel-domain/src/main/java/com/hellotravel/domain/auth/model/entity/UserAccountEntity.java,48,UserAccountEntity,11,domain_model_or_decision
hello-travel-domain/src/main/java/com/hellotravel/domain/auth/model/entity/UserAccountEntity.java,71,UserAccountEntity,11,domain_model_or_decision
hello-travel-domain/src/main/java/com/hellotravel/domain/auth/model/entity/UserAccountEntity.java,105,DomainException,1,domain_model_or_decision
hello-travel-domain/src/main/java/com/hellotravel/domain/auth/model/entity/UserAccountEntity.java,109,DomainException,1,domain_model_or_decision
hello-travel-domain/src/main/java/com/hellotravel/domain/auth/model/entity/UserAccountEntity.java,136,IllegalArgumentException,1,domain_model_or_decision
hello-travel-domain/src/main/java/com/hellotravel/domain/auth/model/entity/UserAccountEntity.java,139,UserAccountEntity,11,domain_model_or_decision
hello-travel-domain/src/main/java/com/hellotravel/domain/auth/model/value/SessionCredentialsValue.java,22,IllegalArgumentException,1,domain_model_or_decision
hello-travel-domain/src/main/java/com/hellotravel/domain/auth/service/AuthWriteDomainService.java,59,DomainException,1,domain_model_or_decision
hello-travel-domain/src/main/java/com/hellotravel/domain/auth/service/AuthWriteDomainService.java,74,DomainException,1,domain_model_or_decision
hello-travel-domain/src/main/java/com/hellotravel/domain/auth/service/AuthWriteDomainService.java,77,WriteDO,1,domain_model_or_decision
hello-travel-domain/src/main/java/com/hellotravel/domain/auth/service/AuthWriteDomainService.java,94,DomainException,1,domain_model_or_decision
hello-travel-domain/src/main/java/com/hellotravel/domain/auth/service/AuthWriteDomainService.java,109,DomainException,1,domain_model_or_decision
hello-travel-domain/src/main/java/com/hellotravel/domain/auth/service/AuthWriteDomainService.java,112,WriteDO,1,domain_model_or_decision
hello-travel-domain/src/main/java/com/hellotravel/domain/auth/service/AuthWriteDomainService.java,129,DomainException,1,domain_model_or_decision
hello-travel-domain/src/main/java/com/hellotravel/domain/auth/service/AuthWriteDomainService.java,144,DomainException,1,domain_model_or_decision
hello-travel-domain/src/main/java/com/hellotravel/domain/auth/service/AuthWriteDomainService.java,147,WriteDO,1,domain_model_or_decision
hello-travel-domain/src/main/java/com/hellotravel/domain/auth/service/AuthWriteDomainService.java,164,DomainException,1,domain_model_or_decision
hello-travel-domain/src/main/java/com/hellotravel/domain/auth/service/AuthWriteDomainService.java,179,DomainException,1,domain_model_or_decision
hello-travel-domain/src/main/java/com/hellotravel/domain/auth/service/AuthWriteDomainService.java,182,WriteDO,1,domain_model_or_decision
hello-travel-domain/src/main/java/com/hellotravel/domain/auth/service/AuthWriteDomainService.java,199,DomainException,1,domain_model_or_decision
hello-travel-domain/src/main/java/com/hellotravel/domain/auth/service/AuthWriteDomainService.java,214,DomainException,1,domain_model_or_decision
hello-travel-domain/src/main/java/com/hellotravel/domain/auth/service/AuthWriteDomainService.java,217,WriteDO,1,domain_model_or_decision
hello-travel-domain/src/main/java/com/hellotravel/domain/auth/service/AuthWriteDomainService.java,234,DomainException,1,domain_model_or_decision
hello-travel-domain/src/main/java/com/hellotravel/domain/auth/service/AuthWriteDomainService.java,238,WriteDO,1,domain_model_or_decision
hello-travel-domain/src/main/java/com/hellotravel/domain/chat/model/aggregate/ChatRunAggregate.java,26,DomainException,1,domain_model_or_decision
hello-travel-domain/src/main/java/com/hellotravel/domain/chat/model/aggregate/ChatRunAggregate.java,49,DomainException,1,domain_model_or_decision
hello-travel-domain/src/main/java/com/hellotravel/domain/chat/model/aggregate/ChatRunAggregate.java,64,ChatRunAggregate,1,domain_model_or_decision
hello-travel-domain/src/main/java/com/hellotravel/domain/chat/model/aggregate/ChatRunAggregate.java,77,ChatRunAggregate,1,domain_model_or_decision
hello-travel-domain/src/main/java/com/hellotravel/domain/chat/model/aggregate/ChatRunAggregate.java,89,ChatRunAggregate,1,domain_model_or_decision
hello-travel-domain/src/main/java/com/hellotravel/domain/chat/model/aggregate/ChatRunAggregate.java,103,ChatRunAggregate,1,domain_model_or_decision
hello-travel-domain/src/main/java/com/hellotravel/domain/chat/model/aggregate/ChatRunAggregate.java,128,ChatRunAggregate,1,domain_model_or_decision
hello-travel-domain/src/main/java/com/hellotravel/domain/chat/model/aggregate/ConversationAggregate.java,23,DomainException,1,domain_model_or_decision
hello-travel-domain/src/main/java/com/hellotravel/domain/chat/model/aggregate/ConversationAggregate.java,46,DomainException,1,domain_model_or_decision
hello-travel-domain/src/main/java/com/hellotravel/domain/chat/model/aggregate/ConversationAggregate.java,60,ConversationAggregate,1,domain_model_or_decision
hello-travel-domain/src/main/java/com/hellotravel/domain/chat/model/aggregate/ConversationAggregate.java,72,ConversationAggregate,1,domain_model_or_decision
hello-travel-domain/src/main/java/com/hellotravel/domain/chat/model/aggregate/ConversationAggregate.java,84,ConversationAggregate,1,domain_model_or_decision
hello-travel-domain/src/main/java/com/hellotravel/domain/chat/model/aggregate/ConversationAggregate.java,105,ConversationAggregate,1,domain_model_or_decision
hello-travel-domain/src/main/java/com/hellotravel/domain/chat/model/aggregate/MessageAggregate.java,24,DomainException,1,domain_model_or_decision
hello-travel-domain/src/main/java/com/hellotravel/domain/chat/model/aggregate/MessageAggregate.java,47,DomainException,1,domain_model_or_decision
hello-travel-domain/src/main/java/com/hellotravel/domain/chat/model/aggregate/MessageAggregate.java,64,MessageAggregate,1,domain_model_or_decision
hello-travel-domain/src/main/java/com/hellotravel/domain/chat/model/aggregate/MessageAggregate.java,75,MessageAggregate,1,domain_model_or_decision
hello-travel-domain/src/main/java/com/hellotravel/domain/chat/model/aggregate/MessageAggregate.java,90,MessageAggregate,1,domain_model_or_decision
hello-travel-domain/src/main/java/com/hellotravel/domain/chat/model/aggregate/MessageAggregate.java,104,MessageAggregate,1,domain_model_or_decision
hello-travel-domain/src/main/java/com/hellotravel/domain/chat/model/aggregate/ModelInvocationAggregate.java,23,DomainException,1,domain_model_or_decision
hello-travel-domain/src/main/java/com/hellotravel/domain/chat/model/aggregate/ModelInvocationAggregate.java,46,DomainException,1,domain_model_or_decision
hello-travel-domain/src/main/java/com/hellotravel/domain/chat/model/aggregate/ModelInvocationAggregate.java,70,ModelInvocationAggregate,1,domain_model_or_decision
hello-travel-domain/src/main/java/com/hellotravel/domain/chat/model/aggregate/ModelInvocationAggregate.java,97,ModelInvocationAggregate,1,domain_model_or_decision
hello-travel-domain/src/main/java/com/hellotravel/domain/chat/model/aggregate/ModelInvocationAggregate.java,134,ModelInvocationAggregate,1,domain_model_or_decision
hello-travel-domain/src/main/java/com/hellotravel/domain/chat/model/aggregate/ModelInvocationAggregate.java,171,ModelInvocationAggregate,1,domain_model_or_decision
hello-travel-domain/src/main/java/com/hellotravel/domain/chat/model/entity/ChatRunEntity.java,85,IllegalStateException,1,domain_model_or_decision
hello-travel-domain/src/main/java/com/hellotravel/domain/chat/model/entity/ChatRunEntity.java,88,ChatRunEntity,25,domain_model_or_decision
hello-travel-domain/src/main/java/com/hellotravel/domain/chat/model/entity/ChatRunEntity.java,126,ChatRunEntity,25,domain_model_or_decision
hello-travel-domain/src/main/java/com/hellotravel/domain/chat/model/entity/ChatRunEntity.java,164,IllegalStateException,1,domain_model_or_decision
hello-travel-domain/src/main/java/com/hellotravel/domain/chat/model/entity/ChatRunEntity.java,167,ChatRunEntity,25,domain_model_or_decision
hello-travel-domain/src/main/java/com/hellotravel/domain/chat/model/entity/ChatRunEntity.java,206,ChatRunEntity,25,domain_model_or_decision
hello-travel-domain/src/main/java/com/hellotravel/domain/chat/model/entity/ChatRunEntity.java,286,IllegalArgumentException,1,domain_model_or_decision
hello-travel-domain/src/main/java/com/hellotravel/domain/chat/model/entity/ChatRunEntity.java,291,ChatRunEntity,25,domain_model_or_decision
hello-travel-domain/src/main/java/com/hellotravel/domain/chat/model/entity/ChatRunEntity.java,328,DomainException,1,domain_model_or_decision
hello-travel-domain/src/main/java/com/hellotravel/domain/chat/model/entity/ChatRunEntity.java,332,DomainException,1,domain_model_or_decision
hello-travel-domain/src/main/java/com/hellotravel/domain/chat/model/entity/ChatRunEntity.java,336,DomainException,1,domain_model_or_decision
hello-travel-domain/src/main/java/com/hellotravel/domain/chat/model/entity/ChatRunEntity.java,340,DomainException,1,domain_model_or_decision
hello-travel-domain/src/main/java/com/hellotravel/domain/chat/model/entity/ChatRunEntity.java,356,ContextBudgetValue,4,domain_model_or_decision
hello-travel-domain/src/main/java/com/hellotravel/domain/chat/model/entity/ConversationEntity.java,47,IllegalStateException,1,domain_model_or_decision
hello-travel-domain/src/main/java/com/hellotravel/domain/chat/model/entity/ConversationEntity.java,50,ConversationEntity,12,domain_model_or_decision
hello-travel-domain/src/main/java/com/hellotravel/domain/chat/model/entity/ConversationEntity.java,76,ConversationEntity,12,domain_model_or_decision
hello-travel-domain/src/main/java/com/hellotravel/domain/chat/model/entity/ConversationEntity.java,100,ConversationEntity,12,domain_model_or_decision
hello-travel-domain/src/main/java/com/hellotravel/domain/chat/model/entity/ConversationEntity.java,135,DomainException,1,domain_model_or_decision
hello-travel-domain/src/main/java/com/hellotravel/domain/chat/model/entity/ConversationEntity.java,139,DomainException,1,domain_model_or_decision
hello-travel-domain/src/main/java/com/hellotravel/domain/chat/model/entity/ConversationEntity.java,143,DomainException,1,domain_model_or_decision
hello-travel-domain/src/main/java/com/hellotravel/domain/chat/model/entity/ConversationEntity.java,147,DomainException,1,domain_model_or_decision
hello-travel-domain/src/main/java/com/hellotravel/domain/chat/model/entity/ConversationEntity.java,172,IllegalArgumentException,1,domain_model_or_decision
hello-travel-domain/src/main/java/com/hellotravel/domain/chat/model/entity/ConversationEntity.java,175,ConversationEntity,12,domain_model_or_decision
hello-travel-domain/src/main/java/com/hellotravel/domain/chat/model/entity/ConversationEntity.java,200,IllegalArgumentException,1,domain_model_or_decision
hello-travel-domain/src/main/java/com/hellotravel/domain/chat/model/entity/MessageEntity.java,54,IllegalArgumentException,1,domain_model_or_decision
hello-travel-domain/src/main/java/com/hellotravel/domain/chat/model/entity/MessageEntity.java,57,MessageEntity,13,domain_model_or_decision
hello-travel-domain/src/main/java/com/hellotravel/domain/chat/model/entity/MessageEntity.java,81,MessageEntity,13,domain_model_or_decision
hello-travel-domain/src/main/java/com/hellotravel/domain/chat/model/entity/MessageEntity.java,121,IllegalStateException,1,domain_model_or_decision
hello-travel-domain/src/main/java/com/hellotravel/domain/chat/model/entity/MessageEntity.java,125,MessageEntity,13,domain_model_or_decision
hello-travel-domain/src/main/java/com/hellotravel/domain/chat/model/entity/MessageEntity.java,153,IllegalStateException,1,domain_model_or_decision
hello-travel-domain/src/main/java/com/hellotravel/domain/chat/model/entity/MessageEntity.java,157,MessageEntity,13,domain_model_or_decision
hello-travel-domain/src/main/java/com/hellotravel/domain/chat/model/entity/MessageEntity.java,182,DomainException,1,domain_model_or_decision
hello-travel-domain/src/main/java/com/hellotravel/domain/chat/model/entity/MessageEntity.java,186,DomainException,1,domain_model_or_decision
hello-travel-domain/src/main/java/com/hellotravel/domain/chat/model/entity/MessageEntity.java,190,DomainException,1,domain_model_or_decision
hello-travel-domain/src/main/java/com/hellotravel/domain/chat/model/entity/MessageEntity.java,194,DomainException,1,domain_model_or_decision
hello-travel-domain/src/main/java/com/hellotravel/domain/chat/model/entity/MessageEntity.java,198,DomainException,1,domain_model_or_decision
hello-travel-domain/src/main/java/com/hellotravel/domain/chat/model/entity/ModelInvocationEntity.java,78,DomainException,1,domain_model_or_decision
hello-travel-domain/src/main/java/com/hellotravel/domain/chat/model/entity/ModelInvocationEntity.java,82,DomainException,1,domain_model_or_decision
hello-travel-domain/src/main/java/com/hellotravel/domain/chat/model/entity/ModelInvocationEntity.java,86,DomainException,1,domain_model_or_decision
hello-travel-domain/src/main/java/com/hellotravel/domain/chat/model/entity/ModelInvocationEntity.java,90,DomainException,1,domain_model_or_decision
hello-travel-domain/src/main/java/com/hellotravel/domain/chat/model/entity/ModelInvocationEntity.java,112,ModelInvocationEntity,22,domain_model_or_decision
hello-travel-domain/src/main/java/com/hellotravel/domain/chat/model/entity/ModelInvocationEntity.java,159,ModelInvocationEntity,22,domain_model_or_decision
hello-travel-domain/src/main/java/com/hellotravel/domain/chat/model/entity/ModelInvocationEntity.java,210,ModelInvocationEntity,22,domain_model_or_decision
hello-travel-domain/src/main/java/com/hellotravel/domain/chat/model/entity/ModelInvocationEntity.java,259,ModelInvocationEntity,22,domain_model_or_decision
hello-travel-domain/src/main/java/com/hellotravel/domain/chat/service/ChatWriteDomainService.java,53,DomainException,1,domain_model_or_decision
hello-travel-domain/src/main/java/com/hellotravel/domain/chat/service/ChatWriteDomainService.java,68,DomainException,1,domain_model_or_decision
hello-travel-domain/src/main/java/com/hellotravel/domain/chat/service/ChatWriteDomainService.java,71,WriteDO,1,domain_model_or_decision
hello-travel-domain/src/main/java/com/hellotravel/domain/chat/service/ChatWriteDomainService.java,88,DomainException,1,domain_model_or_decision
hello-travel-domain/src/main/java/com/hellotravel/domain/chat/service/ChatWriteDomainService.java,103,DomainException,1,domain_model_or_decision
hello-travel-domain/src/main/java/com/hellotravel/domain/chat/service/ChatWriteDomainService.java,106,WriteDO,1,domain_model_or_decision
hello-travel-domain/src/main/java/com/hellotravel/domain/chat/service/ChatWriteDomainService.java,123,DomainException,1,domain_model_or_decision
hello-travel-domain/src/main/java/com/hellotravel/domain/chat/service/ChatWriteDomainService.java,138,DomainException,1,domain_model_or_decision
hello-travel-domain/src/main/java/com/hellotravel/domain/chat/service/ChatWriteDomainService.java,141,WriteDO,1,domain_model_or_decision
hello-travel-domain/src/main/java/com/hellotravel/domain/chat/service/ChatWriteDomainService.java,158,DomainException,1,domain_model_or_decision
hello-travel-domain/src/main/java/com/hellotravel/domain/chat/service/ChatWriteDomainService.java,173,DomainException,1,domain_model_or_decision
hello-travel-domain/src/main/java/com/hellotravel/domain/chat/service/ChatWriteDomainService.java,176,WriteDO,1,domain_model_or_decision
hello-travel-domain/src/main/java/com/hellotravel/domain/knowledge/model/aggregate/IndexJobAggregate.java,23,DomainException,1,domain_model_or_decision
hello-travel-domain/src/main/java/com/hellotravel/domain/knowledge/model/aggregate/IndexJobAggregate.java,46,DomainException,1,domain_model_or_decision
hello-travel-domain/src/main/java/com/hellotravel/domain/knowledge/model/aggregate/IndexJobAggregate.java,62,IndexJobAggregate,1,domain_model_or_decision
hello-travel-domain/src/main/java/com/hellotravel/domain/knowledge/model/aggregate/IndexJobAggregate.java,75,IndexJobAggregate,1,domain_model_or_decision
hello-travel-domain/src/main/java/com/hellotravel/domain/knowledge/model/aggregate/IndexJobAggregate.java,98,IndexJobAggregate,1,domain_model_or_decision
hello-travel-domain/src/main/java/com/hellotravel/domain/knowledge/model/aggregate/KnowledgeChunkAggregate.java,24,DomainException,1,domain_model_or_decision
hello-travel-domain/src/main/java/com/hellotravel/domain/knowledge/model/aggregate/KnowledgeChunkAggregate.java,47,DomainException,1,domain_model_or_decision
hello-travel-domain/src/main/java/com/hellotravel/domain/knowledge/model/aggregate/KnowledgeChunkAggregate.java,73,KnowledgeChunkAggregate,1,domain_model_or_decision
hello-travel-domain/src/main/java/com/hellotravel/domain/knowledge/model/aggregate/KnowledgeChunkAggregate.java,85,KnowledgeChunkAggregate,1,domain_model_or_decision
hello-travel-domain/src/main/java/com/hellotravel/domain/knowledge/model/aggregate/KnowledgeChunkAggregate.java,97,KnowledgeChunkAggregate,1,domain_model_or_decision
hello-travel-domain/src/main/java/com/hellotravel/domain/knowledge/model/aggregate/KnowledgeDocumentAggregate.java,24,DomainException,1,domain_model_or_decision
hello-travel-domain/src/main/java/com/hellotravel/domain/knowledge/model/aggregate/KnowledgeDocumentAggregate.java,47,DomainException,1,domain_model_or_decision
hello-travel-domain/src/main/java/com/hellotravel/domain/knowledge/model/aggregate/KnowledgeDocumentAggregate.java,64,KnowledgeDocumentAggregate,1,domain_model_or_decision
hello-travel-domain/src/main/java/com/hellotravel/domain/knowledge/model/aggregate/KnowledgeDocumentAggregate.java,75,KnowledgeDocumentAggregate,1,domain_model_or_decision
hello-travel-domain/src/main/java/com/hellotravel/domain/knowledge/model/aggregate/KnowledgeDocumentAggregate.java,86,KnowledgeDocumentAggregate,1,domain_model_or_decision
hello-travel-domain/src/main/java/com/hellotravel/domain/knowledge/model/aggregate/KnowledgeDocumentAggregate.java,121,KnowledgeDocumentAggregate,1,domain_model_or_decision
hello-travel-domain/src/main/java/com/hellotravel/domain/knowledge/model/entity/IndexJobEntity.java,70,IllegalStateException,1,domain_model_or_decision
hello-travel-domain/src/main/java/com/hellotravel/domain/knowledge/model/entity/IndexJobEntity.java,73,IndexJobEntity,17,domain_model_or_decision
hello-travel-domain/src/main/java/com/hellotravel/domain/knowledge/model/entity/IndexJobEntity.java,104,IllegalStateException,1,domain_model_or_decision
hello-travel-domain/src/main/java/com/hellotravel/domain/knowledge/model/entity/IndexJobEntity.java,107,IndexJobEntity,17,domain_model_or_decision
hello-travel-domain/src/main/java/com/hellotravel/domain/knowledge/model/entity/IndexJobEntity.java,136,DomainException,1,domain_model_or_decision
hello-travel-domain/src/main/java/com/hellotravel/domain/knowledge/model/entity/IndexJobEntity.java,140,DomainException,1,domain_model_or_decision
hello-travel-domain/src/main/java/com/hellotravel/domain/knowledge/model/entity/IndexJobEntity.java,144,DomainException,1,domain_model_or_decision
hello-travel-domain/src/main/java/com/hellotravel/domain/knowledge/model/entity/IndexJobEntity.java,148,DomainException,1,domain_model_or_decision
hello-travel-domain/src/main/java/com/hellotravel/domain/knowledge/model/entity/IndexJobEntity.java,172,IndexJobEntity,17,domain_model_or_decision
hello-travel-domain/src/main/java/com/hellotravel/domain/knowledge/model/entity/KnowledgeChunkEntity.java,98,KnowledgeChunkEntity,15,domain_model_or_decision
hello-travel-domain/src/main/java/com/hellotravel/domain/knowledge/model/entity/KnowledgeChunkEntity.java,125,IllegalStateException,1,domain_model_or_decision
hello-travel-domain/src/main/java/com/hellotravel/domain/knowledge/model/entity/KnowledgeChunkEntity.java,128,KnowledgeChunkEntity,15,domain_model_or_decision
hello-travel-domain/src/main/java/com/hellotravel/domain/knowledge/model/entity/KnowledgeChunkEntity.java,155,DomainException,1,domain_model_or_decision
hello-travel-domain/src/main/java/com/hellotravel/domain/knowledge/model/entity/KnowledgeChunkEntity.java,159,DomainException,1,domain_model_or_decision
hello-travel-domain/src/main/java/com/hellotravel/domain/knowledge/model/entity/KnowledgeChunkEntity.java,163,DomainException,1,domain_model_or_decision
hello-travel-domain/src/main/java/com/hellotravel/domain/knowledge/model/entity/KnowledgeChunkEntity.java,167,DomainException,1,domain_model_or_decision
hello-travel-domain/src/main/java/com/hellotravel/domain/knowledge/model/entity/KnowledgeChunkEntity.java,171,DomainException,1,domain_model_or_decision
hello-travel-domain/src/main/java/com/hellotravel/domain/knowledge/model/entity/KnowledgeChunkEntity.java,184,KnowledgeChunkEntity,15,domain_model_or_decision
hello-travel-domain/src/main/java/com/hellotravel/domain/knowledge/model/entity/KnowledgeDocumentEntity.java,83,IllegalStateException,1,domain_model_or_decision
hello-travel-domain/src/main/java/com/hellotravel/domain/knowledge/model/entity/KnowledgeDocumentEntity.java,86,KnowledgeDocumentEntity,23,domain_model_or_decision
hello-travel-domain/src/main/java/com/hellotravel/domain/knowledge/model/entity/KnowledgeDocumentEntity.java,121,IllegalStateException,1,domain_model_or_decision
hello-travel-domain/src/main/java/com/hellotravel/domain/knowledge/model/entity/KnowledgeDocumentEntity.java,124,KnowledgeDocumentEntity,23,domain_model_or_decision
hello-travel-domain/src/main/java/com/hellotravel/domain/knowledge/model/entity/KnowledgeDocumentEntity.java,158,KnowledgeDocumentEntity,23,domain_model_or_decision
hello-travel-domain/src/main/java/com/hellotravel/domain/knowledge/model/entity/KnowledgeDocumentEntity.java,215,DomainException,1,domain_model_or_decision
hello-travel-domain/src/main/java/com/hellotravel/domain/knowledge/model/entity/KnowledgeDocumentEntity.java,219,DomainException,1,domain_model_or_decision
hello-travel-domain/src/main/java/com/hellotravel/domain/knowledge/model/entity/KnowledgeDocumentEntity.java,223,DomainException,1,domain_model_or_decision
hello-travel-domain/src/main/java/com/hellotravel/domain/knowledge/model/entity/KnowledgeDocumentEntity.java,227,DomainException,1,domain_model_or_decision
hello-travel-domain/src/main/java/com/hellotravel/domain/knowledge/model/entity/KnowledgeDocumentEntity.java,263,KnowledgeDocumentEntity,23,domain_model_or_decision
hello-travel-domain/src/main/java/com/hellotravel/domain/knowledge/model/value/EmbeddingProfileValue.java,27,DomainException,1,domain_model_or_decision
hello-travel-domain/src/main/java/com/hellotravel/domain/knowledge/model/value/EmbeddingProfileValue.java,41,EmbeddingProfileValue,3,domain_model_or_decision
hello-travel-domain/src/main/java/com/hellotravel/domain/knowledge/service/KnowledgeWriteDomainService.java,48,DomainException,1,domain_model_or_decision
hello-travel-domain/src/main/java/com/hellotravel/domain/knowledge/service/KnowledgeWriteDomainService.java,63,DomainException,1,domain_model_or_decision
hello-travel-domain/src/main/java/com/hellotravel/domain/knowledge/service/KnowledgeWriteDomainService.java,66,WriteDO,1,domain_model_or_decision
hello-travel-domain/src/main/java/com/hellotravel/domain/knowledge/service/KnowledgeWriteDomainService.java,83,DomainException,1,domain_model_or_decision
hello-travel-domain/src/main/java/com/hellotravel/domain/knowledge/service/KnowledgeWriteDomainService.java,98,DomainException,1,domain_model_or_decision
hello-travel-domain/src/main/java/com/hellotravel/domain/knowledge/service/KnowledgeWriteDomainService.java,101,WriteDO,1,domain_model_or_decision
hello-travel-domain/src/main/java/com/hellotravel/domain/knowledge/service/KnowledgeWriteDomainService.java,118,DomainException,1,domain_model_or_decision
hello-travel-domain/src/main/java/com/hellotravel/domain/knowledge/service/KnowledgeWriteDomainService.java,133,DomainException,1,domain_model_or_decision
hello-travel-domain/src/main/java/com/hellotravel/domain/knowledge/service/KnowledgeWriteDomainService.java,136,WriteDO,1,domain_model_or_decision
hello-travel-domain/src/main/java/com/hellotravel/domain/memory/model/aggregate/MemoryFactAggregate.java,25,DomainException,1,domain_model_or_decision
hello-travel-domain/src/main/java/com/hellotravel/domain/memory/model/aggregate/MemoryFactAggregate.java,48,DomainException,1,domain_model_or_decision
hello-travel-domain/src/main/java/com/hellotravel/domain/memory/model/aggregate/MemoryFactAggregate.java,65,MemoryFactAggregate,1,domain_model_or_decision
hello-travel-domain/src/main/java/com/hellotravel/domain/memory/model/aggregate/MemoryFactAggregate.java,80,MemoryFactAggregate,1,domain_model_or_decision
hello-travel-domain/src/main/java/com/hellotravel/domain/memory/model/aggregate/MemoryFactAggregate.java,107,MemoryFactAggregate,1,domain_model_or_decision
hello-travel-domain/src/main/java/com/hellotravel/domain/memory/model/aggregate/MemoryFactSourceAggregate.java,23,DomainException,1,domain_model_or_decision
hello-travel-domain/src/main/java/com/hellotravel/domain/memory/model/aggregate/MemoryFactSourceAggregate.java,46,DomainException,1,domain_model_or_decision
hello-travel-domain/src/main/java/com/hellotravel/domain/memory/model/aggregate/MemoryFactSourceAggregate.java,74,MemoryFactSourceAggregate,1,domain_model_or_decision
hello-travel-domain/src/main/java/com/hellotravel/domain/memory/model/aggregate/MemorySummaryAggregate.java,23,DomainException,1,domain_model_or_decision
hello-travel-domain/src/main/java/com/hellotravel/domain/memory/model/aggregate/MemorySummaryAggregate.java,46,DomainException,1,domain_model_or_decision
hello-travel-domain/src/main/java/com/hellotravel/domain/memory/model/aggregate/MemorySummaryAggregate.java,60,MemorySummaryAggregate,1,domain_model_or_decision
hello-travel-domain/src/main/java/com/hellotravel/domain/memory/model/aggregate/MemorySummaryAggregate.java,91,MemorySummaryAggregate,1,domain_model_or_decision
hello-travel-domain/src/main/java/com/hellotravel/domain/memory/model/entity/MemoryFactEntity.java,68,MemoryFactEntity,15,domain_model_or_decision
hello-travel-domain/src/main/java/com/hellotravel/domain/memory/model/entity/MemoryFactEntity.java,100,MemoryFactEntity,15,domain_model_or_decision
hello-travel-domain/src/main/java/com/hellotravel/domain/memory/model/entity/MemoryFactEntity.java,127,DomainException,1,domain_model_or_decision
hello-travel-domain/src/main/java/com/hellotravel/domain/memory/model/entity/MemoryFactEntity.java,131,DomainException,1,domain_model_or_decision
hello-travel-domain/src/main/java/com/hellotravel/domain/memory/model/entity/MemoryFactEntity.java,135,DomainException,1,domain_model_or_decision
hello-travel-domain/src/main/java/com/hellotravel/domain/memory/model/entity/MemoryFactEntity.java,139,DomainException,1,domain_model_or_decision
hello-travel-domain/src/main/java/com/hellotravel/domain/memory/model/entity/MemoryFactEntity.java,167,MemoryFactEntity,15,domain_model_or_decision
hello-travel-domain/src/main/java/com/hellotravel/domain/memory/model/entity/MemoryFactSourceEntity.java,49,DomainException,1,domain_model_or_decision
hello-travel-domain/src/main/java/com/hellotravel/domain/memory/model/entity/MemoryFactSourceEntity.java,53,DomainException,1,domain_model_or_decision
hello-travel-domain/src/main/java/com/hellotravel/domain/memory/model/entity/MemoryFactSourceEntity.java,79,MemoryFactSourceEntity,8,domain_model_or_decision
hello-travel-domain/src/main/java/com/hellotravel/domain/memory/model/entity/MemorySummaryEntity.java,66,DomainException,1,domain_model_or_decision
hello-travel-domain/src/main/java/com/hellotravel/domain/memory/model/entity/MemorySummaryEntity.java,70,DomainException,1,domain_model_or_decision
hello-travel-domain/src/main/java/com/hellotravel/domain/memory/model/entity/MemorySummaryEntity.java,74,DomainException,1,domain_model_or_decision
hello-travel-domain/src/main/java/com/hellotravel/domain/memory/model/entity/MemorySummaryEntity.java,78,DomainException,1,domain_model_or_decision
hello-travel-domain/src/main/java/com/hellotravel/domain/memory/model/entity/MemorySummaryEntity.java,90,MemorySummaryEntity,16,domain_model_or_decision
hello-travel-domain/src/main/java/com/hellotravel/domain/memory/model/entity/MemorySummaryEntity.java,137,MemorySummaryEntity,16,domain_model_or_decision
hello-travel-domain/src/main/java/com/hellotravel/domain/memory/model/value/ContextBudgetValue.java,23,IllegalArgumentException,1,domain_model_or_decision
hello-travel-domain/src/main/java/com/hellotravel/domain/memory/model/value/ContextBudgetValue.java,70,ContextBudgetValue,4,domain_model_or_decision
hello-travel-domain/src/main/java/com/hellotravel/domain/memory/model/value/ContextBudgetValue.java,81,ContextBudgetValue,4,domain_model_or_decision
hello-travel-domain/src/main/java/com/hellotravel/domain/memory/model/value/ContextBudgetValue.java,92,ContextBudgetValue,4,domain_model_or_decision
hello-travel-domain/src/main/java/com/hellotravel/domain/memory/model/value/FactProposalValue.java,30,IllegalArgumentException,1,domain_model_or_decision
hello-travel-domain/src/main/java/com/hellotravel/domain/memory/model/value/FactProposalValue.java,48,FactProposalValue,3,domain_model_or_decision
hello-travel-domain/src/main/java/com/hellotravel/domain/memory/service/MemoryWriteDomainService.java,49,DomainException,1,domain_model_or_decision
hello-travel-domain/src/main/java/com/hellotravel/domain/memory/service/MemoryWriteDomainService.java,64,DomainException,1,domain_model_or_decision
hello-travel-domain/src/main/java/com/hellotravel/domain/memory/service/MemoryWriteDomainService.java,67,WriteDO,1,domain_model_or_decision
hello-travel-domain/src/main/java/com/hellotravel/domain/memory/service/MemoryWriteDomainService.java,84,DomainException,1,domain_model_or_decision
hello-travel-domain/src/main/java/com/hellotravel/domain/memory/service/MemoryWriteDomainService.java,99,DomainException,1,domain_model_or_decision
hello-travel-domain/src/main/java/com/hellotravel/domain/memory/service/MemoryWriteDomainService.java,102,WriteDO,1,domain_model_or_decision
hello-travel-domain/src/main/java/com/hellotravel/domain/memory/service/MemoryWriteDomainService.java,119,DomainException,1,domain_model_or_decision
hello-travel-domain/src/main/java/com/hellotravel/domain/memory/service/MemoryWriteDomainService.java,134,DomainException,1,domain_model_or_decision
hello-travel-domain/src/main/java/com/hellotravel/domain/memory/service/MemoryWriteDomainService.java,137,WriteDO,1,domain_model_or_decision
hello-travel-domain/src/main/java/com/hellotravel/domain/memory/service/MemoryWriteDomainService.java,154,DomainException,1,domain_model_or_decision
hello-travel-domain/src/main/java/com/hellotravel/domain/memory/service/MemoryWriteDomainService.java,158,WriteDO,1,domain_model_or_decision
hello-travel-domain/src/main/java/com/hellotravel/domain/query/model/value/QueryValue.java,27,IllegalArgumentException,1,domain_model_or_decision
hello-travel-domain/src/main/java/com/hellotravel/domain/query/model/value/QueryValue.java,40,QueryValue,4,domain_model_or_decision
hello-travel-domain/src/main/java/com/hellotravel/domain/query/model/value/QueryValue.java,54,ArrayList,1,domain_model_or_decision
hello-travel-domain/src/main/java/com/hellotravel/domain/query/model/value/QueryValue.java,56,FilterValue,3,domain_model_or_decision
hello-travel-domain/src/main/java/com/hellotravel/domain/query/model/value/QueryValue.java,58,QueryValue,4,domain_model_or_decision
hello-travel-domain/src/main/java/com/hellotravel/domain/query/model/value/QueryValue.java,68,QueryValue,4,domain_model_or_decision
hello-travel-domain/src/main/java/com/hellotravel/domain/sync/model/aggregate/OutboxEventAggregate.java,23,DomainException,1,domain_model_or_decision
hello-travel-domain/src/main/java/com/hellotravel/domain/sync/model/aggregate/OutboxEventAggregate.java,46,DomainException,1,domain_model_or_decision
hello-travel-domain/src/main/java/com/hellotravel/domain/sync/model/aggregate/OutboxEventAggregate.java,74,OutboxEventAggregate,1,domain_model_or_decision
hello-travel-domain/src/main/java/com/hellotravel/domain/sync/model/aggregate/OutboxEventAggregate.java,97,OutboxEventAggregate,1,domain_model_or_decision
hello-travel-domain/src/main/java/com/hellotravel/domain/sync/model/aggregate/OutboxEventAggregate.java,116,OutboxEventAggregate,1,domain_model_or_decision
hello-travel-domain/src/main/java/com/hellotravel/domain/sync/model/aggregate/SyncEventAggregate.java,23,DomainException,1,domain_model_or_decision
hello-travel-domain/src/main/java/com/hellotravel/domain/sync/model/aggregate/SyncEventAggregate.java,46,DomainException,1,domain_model_or_decision
hello-travel-domain/src/main/java/com/hellotravel/domain/sync/model/aggregate/SyncEventAggregate.java,78,SyncEventAggregate,1,domain_model_or_decision
hello-travel-domain/src/main/java/com/hellotravel/domain/sync/model/entity/OutboxEventEntity.java,70,DomainException,1,domain_model_or_decision
hello-travel-domain/src/main/java/com/hellotravel/domain/sync/model/entity/OutboxEventEntity.java,74,DomainException,1,domain_model_or_decision
hello-travel-domain/src/main/java/com/hellotravel/domain/sync/model/entity/OutboxEventEntity.java,78,DomainException,1,domain_model_or_decision
hello-travel-domain/src/main/java/com/hellotravel/domain/sync/model/entity/OutboxEventEntity.java,104,OutboxEventEntity,18,domain_model_or_decision
hello-travel-domain/src/main/java/com/hellotravel/domain/sync/model/entity/OutboxEventEntity.java,137,OutboxEventEntity,18,domain_model_or_decision
hello-travel-domain/src/main/java/com/hellotravel/domain/sync/model/entity/OutboxEventEntity.java,174,OutboxEventEntity,18,domain_model_or_decision
hello-travel-domain/src/main/java/com/hellotravel/domain/sync/model/entity/SyncEventEntity.java,53,DomainException,1,domain_model_or_decision
hello-travel-domain/src/main/java/com/hellotravel/domain/sync/model/entity/SyncEventEntity.java,83,SyncEventEntity,10,domain_model_or_decision
hello-travel-domain/src/main/java/com/hellotravel/domain/sync/service/SyncWriteDomainService.java,43,DomainException,1,domain_model_or_decision
hello-travel-domain/src/main/java/com/hellotravel/domain/sync/service/SyncWriteDomainService.java,58,DomainException,1,domain_model_or_decision
hello-travel-domain/src/main/java/com/hellotravel/domain/sync/service/SyncWriteDomainService.java,61,WriteDO,1,domain_model_or_decision
hello-travel-domain/src/main/java/com/hellotravel/domain/sync/service/SyncWriteDomainService.java,78,DomainException,1,domain_model_or_decision
hello-travel-domain/src/main/java/com/hellotravel/domain/sync/service/SyncWriteDomainService.java,81,WriteDO,1,domain_model_or_decision
hello-travel-domain/src/main/java/com/hellotravel/domain/sync/service/SyncWriteDomainService.java,98,DomainException,1,domain_model_or_decision
hello-travel-domain/src/main/java/com/hellotravel/domain/sync/service/SyncWriteDomainService.java,113,DomainException,1,domain_model_or_decision
hello-travel-domain/src/main/java/com/hellotravel/domain/sync/service/SyncWriteDomainService.java,116,WriteDO,1,domain_model_or_decision
hello-travel-infrastructure/src/main/java/com/hellotravel/infrastructure/TravelBaseRepository.java,31,QueryWrapper,0,common_or_start
hello-travel-infrastructure/src/main/java/com/hellotravel/infrastructure/TravelBaseRepository.java,34,IllegalArgumentException,1,common_or_start
hello-travel-infrastructure/src/main/java/com/hellotravel/infrastructure/TravelBaseRepository.java,39,IllegalArgumentException,1,common_or_start
hello-travel-infrastructure/src/main/java/com/hellotravel/infrastructure/TravelBaseRepository.java,50,IllegalArgumentException,1,common_or_start
hello-travel-infrastructure/src/main/java/com/hellotravel/infrastructure/auth/converter/DevicePersistenceConverter.java,26,DeviceAggregate,1,output_converter
hello-travel-infrastructure/src/main/java/com/hellotravel/infrastructure/auth/converter/DevicePersistenceConverter.java,27,DeviceEntity,9,output_converter
hello-travel-infrastructure/src/main/java/com/hellotravel/infrastructure/auth/converter/DevicePersistenceConverter.java,56,DevicePO,0,output_converter
hello-travel-infrastructure/src/main/java/com/hellotravel/infrastructure/auth/converter/EmailChallengePersistenceConverter.java,26,EmailChallengeAggregate,1,output_converter
hello-travel-infrastructure/src/main/java/com/hellotravel/infrastructure/auth/converter/EmailChallengePersistenceConverter.java,27,EmailChallengeEntity,16,output_converter
hello-travel-infrastructure/src/main/java/com/hellotravel/infrastructure/auth/converter/EmailChallengePersistenceConverter.java,63,EmailChallengePO,0,output_converter
hello-travel-infrastructure/src/main/java/com/hellotravel/infrastructure/auth/converter/LoginSessionPersistenceConverter.java,26,LoginSessionAggregate,1,output_converter
hello-travel-infrastructure/src/main/java/com/hellotravel/infrastructure/auth/converter/LoginSessionPersistenceConverter.java,27,LoginSessionEntity,17,output_converter
hello-travel-infrastructure/src/main/java/com/hellotravel/infrastructure/auth/converter/LoginSessionPersistenceConverter.java,64,LoginSessionPO,0,output_converter
hello-travel-infrastructure/src/main/java/com/hellotravel/infrastructure/auth/converter/RefreshReceiptPersistenceConverter.java,26,RefreshReceiptAggregate,1,output_converter
hello-travel-infrastructure/src/main/java/com/hellotravel/infrastructure/auth/converter/RefreshReceiptPersistenceConverter.java,27,RefreshReceiptEntity,6,output_converter
hello-travel-infrastructure/src/main/java/com/hellotravel/infrastructure/auth/converter/RefreshReceiptPersistenceConverter.java,53,RefreshReceiptPO,0,output_converter
hello-travel-infrastructure/src/main/java/com/hellotravel/infrastructure/auth/converter/UserAccountPersistenceConverter.java,26,UserAccountAggregate,1,output_converter
hello-travel-infrastructure/src/main/java/com/hellotravel/infrastructure/auth/converter/UserAccountPersistenceConverter.java,27,UserAccountEntity,11,output_converter
hello-travel-infrastructure/src/main/java/com/hellotravel/infrastructure/auth/converter/UserAccountPersistenceConverter.java,58,UserAccountPO,0,output_converter
hello-travel-infrastructure/src/main/java/com/hellotravel/infrastructure/auth/repository/DeviceRepositoryImpl.java,67,Page,3,persistence_mapping
hello-travel-infrastructure/src/main/java/com/hellotravel/infrastructure/auth/repository/DeviceRepositoryImpl.java,95,QueryWrapper,0,persistence_mapping
hello-travel-infrastructure/src/main/java/com/hellotravel/infrastructure/auth/repository/DeviceRepositoryImpl.java,100,InfrastructureException,1,persistence_mapping
hello-travel-infrastructure/src/main/java/com/hellotravel/infrastructure/auth/repository/DeviceRepositoryImpl.java,102,InfrastructureException,1,persistence_mapping
hello-travel-infrastructure/src/main/java/com/hellotravel/infrastructure/auth/repository/EmailChallengeRepositoryImpl.java,75,Page,3,persistence_mapping
hello-travel-infrastructure/src/main/java/com/hellotravel/infrastructure/auth/repository/EmailChallengeRepositoryImpl.java,103,QueryWrapper,0,persistence_mapping
hello-travel-infrastructure/src/main/java/com/hellotravel/infrastructure/auth/repository/EmailChallengeRepositoryImpl.java,108,InfrastructureException,1,persistence_mapping
hello-travel-infrastructure/src/main/java/com/hellotravel/infrastructure/auth/repository/EmailChallengeRepositoryImpl.java,110,InfrastructureException,1,persistence_mapping
hello-travel-infrastructure/src/main/java/com/hellotravel/infrastructure/auth/repository/LoginSessionRepositoryImpl.java,76,Page,3,persistence_mapping
hello-travel-infrastructure/src/main/java/com/hellotravel/infrastructure/auth/repository/LoginSessionRepositoryImpl.java,104,QueryWrapper,0,persistence_mapping
hello-travel-infrastructure/src/main/java/com/hellotravel/infrastructure/auth/repository/LoginSessionRepositoryImpl.java,109,InfrastructureException,1,persistence_mapping
hello-travel-infrastructure/src/main/java/com/hellotravel/infrastructure/auth/repository/LoginSessionRepositoryImpl.java,111,InfrastructureException,1,persistence_mapping
hello-travel-infrastructure/src/main/java/com/hellotravel/infrastructure/auth/repository/RefreshReceiptRepositoryImpl.java,65,Page,3,persistence_mapping
hello-travel-infrastructure/src/main/java/com/hellotravel/infrastructure/auth/repository/RefreshReceiptRepositoryImpl.java,88,QueryWrapper,0,persistence_mapping
hello-travel-infrastructure/src/main/java/com/hellotravel/infrastructure/auth/repository/RefreshReceiptRepositoryImpl.java,91,InfrastructureException,1,persistence_mapping
hello-travel-infrastructure/src/main/java/com/hellotravel/infrastructure/auth/repository/RefreshReceiptRepositoryImpl.java,93,InfrastructureException,1,persistence_mapping
hello-travel-infrastructure/src/main/java/com/hellotravel/infrastructure/auth/repository/UserAccountRepositoryImpl.java,70,Page,3,persistence_mapping
hello-travel-infrastructure/src/main/java/com/hellotravel/infrastructure/auth/repository/UserAccountRepositoryImpl.java,98,QueryWrapper,0,persistence_mapping
hello-travel-infrastructure/src/main/java/com/hellotravel/infrastructure/auth/repository/UserAccountRepositoryImpl.java,103,InfrastructureException,1,persistence_mapping
hello-travel-infrastructure/src/main/java/com/hellotravel/infrastructure/auth/repository/UserAccountRepositoryImpl.java,105,InfrastructureException,1,persistence_mapping
hello-travel-infrastructure/src/main/java/com/hellotravel/infrastructure/chat/converter/ChatRunPersistenceConverter.java,26,ChatRunAggregate,1,output_converter
hello-travel-infrastructure/src/main/java/com/hellotravel/infrastructure/chat/converter/ChatRunPersistenceConverter.java,27,ChatRunEntity,25,output_converter
hello-travel-infrastructure/src/main/java/com/hellotravel/infrastructure/chat/converter/ChatRunPersistenceConverter.java,72,ChatRunPO,0,output_converter
hello-travel-infrastructure/src/main/java/com/hellotravel/infrastructure/chat/converter/ConversationPersistenceConverter.java,26,ConversationAggregate,1,output_converter
hello-travel-infrastructure/src/main/java/com/hellotravel/infrastructure/chat/converter/ConversationPersistenceConverter.java,27,ConversationEntity,12,output_converter
hello-travel-infrastructure/src/main/java/com/hellotravel/infrastructure/chat/converter/ConversationPersistenceConverter.java,59,ConversationPO,0,output_converter
hello-travel-infrastructure/src/main/java/com/hellotravel/infrastructure/chat/converter/MessagePersistenceConverter.java,26,MessageAggregate,1,output_converter
hello-travel-infrastructure/src/main/java/com/hellotravel/infrastructure/chat/converter/MessagePersistenceConverter.java,27,MessageEntity,13,output_converter
hello-travel-infrastructure/src/main/java/com/hellotravel/infrastructure/chat/converter/MessagePersistenceConverter.java,60,MessagePO,0,output_converter
hello-travel-infrastructure/src/main/java/com/hellotravel/infrastructure/chat/converter/ModelInvocationPersistenceConverter.java,26,ModelInvocationAggregate,1,output_converter
hello-travel-infrastructure/src/main/java/com/hellotravel/infrastructure/chat/converter/ModelInvocationPersistenceConverter.java,27,ModelInvocationEntity,22,output_converter
hello-travel-infrastructure/src/main/java/com/hellotravel/infrastructure/chat/converter/ModelInvocationPersistenceConverter.java,69,ModelInvocationPO,0,output_converter
hello-travel-infrastructure/src/main/java/com/hellotravel/infrastructure/chat/repository/ChatRunRepositoryImpl.java,83,Page,3,persistence_mapping
hello-travel-infrastructure/src/main/java/com/hellotravel/infrastructure/chat/repository/ChatRunRepositoryImpl.java,111,QueryWrapper,0,persistence_mapping
hello-travel-infrastructure/src/main/java/com/hellotravel/infrastructure/chat/repository/ChatRunRepositoryImpl.java,116,InfrastructureException,1,persistence_mapping
hello-travel-infrastructure/src/main/java/com/hellotravel/infrastructure/chat/repository/ChatRunRepositoryImpl.java,118,InfrastructureException,1,persistence_mapping
hello-travel-infrastructure/src/main/java/com/hellotravel/infrastructure/chat/repository/ConversationRepositoryImpl.java,71,Page,3,persistence_mapping
hello-travel-infrastructure/src/main/java/com/hellotravel/infrastructure/chat/repository/ConversationRepositoryImpl.java,99,QueryWrapper,0,persistence_mapping
hello-travel-infrastructure/src/main/java/com/hellotravel/infrastructure/chat/repository/ConversationRepositoryImpl.java,104,InfrastructureException,1,persistence_mapping
hello-travel-infrastructure/src/main/java/com/hellotravel/infrastructure/chat/repository/ConversationRepositoryImpl.java,106,InfrastructureException,1,persistence_mapping
hello-travel-infrastructure/src/main/java/com/hellotravel/infrastructure/chat/repository/MessageRepositoryImpl.java,71,Page,3,persistence_mapping
hello-travel-infrastructure/src/main/java/com/hellotravel/infrastructure/chat/repository/MessageRepositoryImpl.java,99,QueryWrapper,0,persistence_mapping
hello-travel-infrastructure/src/main/java/com/hellotravel/infrastructure/chat/repository/MessageRepositoryImpl.java,104,InfrastructureException,1,persistence_mapping
hello-travel-infrastructure/src/main/java/com/hellotravel/infrastructure/chat/repository/MessageRepositoryImpl.java,106,InfrastructureException,1,persistence_mapping
hello-travel-infrastructure/src/main/java/com/hellotravel/infrastructure/chat/repository/ModelInvocationRepositoryImpl.java,81,Page,3,persistence_mapping
hello-travel-infrastructure/src/main/java/com/hellotravel/infrastructure/chat/repository/ModelInvocationRepositoryImpl.java,109,QueryWrapper,0,persistence_mapping
hello-travel-infrastructure/src/main/java/com/hellotravel/infrastructure/chat/repository/ModelInvocationRepositoryImpl.java,114,InfrastructureException,1,persistence_mapping
hello-travel-infrastructure/src/main/java/com/hellotravel/infrastructure/chat/repository/ModelInvocationRepositoryImpl.java,116,InfrastructureException,1,persistence_mapping
hello-travel-infrastructure/src/main/java/com/hellotravel/infrastructure/knowledge/converter/IndexJobPersistenceConverter.java,26,IndexJobAggregate,1,output_converter
hello-travel-infrastructure/src/main/java/com/hellotravel/infrastructure/knowledge/converter/IndexJobPersistenceConverter.java,27,IndexJobEntity,17,output_converter
hello-travel-infrastructure/src/main/java/com/hellotravel/infrastructure/knowledge/converter/IndexJobPersistenceConverter.java,64,IndexJobPO,0,output_converter
hello-travel-infrastructure/src/main/java/com/hellotravel/infrastructure/knowledge/converter/KnowledgeChunkPersistenceConverter.java,26,KnowledgeChunkAggregate,1,output_converter
hello-travel-infrastructure/src/main/java/com/hellotravel/infrastructure/knowledge/converter/KnowledgeChunkPersistenceConverter.java,27,KnowledgeChunkEntity,15,output_converter
hello-travel-infrastructure/src/main/java/com/hellotravel/infrastructure/knowledge/converter/KnowledgeChunkPersistenceConverter.java,62,KnowledgeChunkPO,0,output_converter
hello-travel-infrastructure/src/main/java/com/hellotravel/infrastructure/knowledge/converter/KnowledgeDocumentPersistenceConverter.java,26,KnowledgeDocumentAggregate,1,output_converter
hello-travel-infrastructure/src/main/java/com/hellotravel/infrastructure/knowledge/converter/KnowledgeDocumentPersistenceConverter.java,27,KnowledgeDocumentEntity,23,output_converter
hello-travel-infrastructure/src/main/java/com/hellotravel/infrastructure/knowledge/converter/KnowledgeDocumentPersistenceConverter.java,70,KnowledgeDocumentPO,0,output_converter
hello-travel-infrastructure/src/main/java/com/hellotravel/infrastructure/knowledge/repository/IndexJobRepositoryImpl.java,75,Page,3,persistence_mapping
hello-travel-infrastructure/src/main/java/com/hellotravel/infrastructure/knowledge/repository/IndexJobRepositoryImpl.java,103,QueryWrapper,0,persistence_mapping
hello-travel-infrastructure/src/main/java/com/hellotravel/infrastructure/knowledge/repository/IndexJobRepositoryImpl.java,108,InfrastructureException,1,persistence_mapping
hello-travel-infrastructure/src/main/java/com/hellotravel/infrastructure/knowledge/repository/IndexJobRepositoryImpl.java,110,InfrastructureException,1,persistence_mapping
hello-travel-infrastructure/src/main/java/com/hellotravel/infrastructure/knowledge/repository/KnowledgeChunkRepositoryImpl.java,74,Page,3,persistence_mapping
hello-travel-infrastructure/src/main/java/com/hellotravel/infrastructure/knowledge/repository/KnowledgeChunkRepositoryImpl.java,102,QueryWrapper,0,persistence_mapping
hello-travel-infrastructure/src/main/java/com/hellotravel/infrastructure/knowledge/repository/KnowledgeChunkRepositoryImpl.java,107,InfrastructureException,1,persistence_mapping
hello-travel-infrastructure/src/main/java/com/hellotravel/infrastructure/knowledge/repository/KnowledgeChunkRepositoryImpl.java,109,InfrastructureException,1,persistence_mapping
hello-travel-infrastructure/src/main/java/com/hellotravel/infrastructure/knowledge/repository/KnowledgeDocumentRepositoryImpl.java,82,Page,3,persistence_mapping
hello-travel-infrastructure/src/main/java/com/hellotravel/infrastructure/knowledge/repository/KnowledgeDocumentRepositoryImpl.java,110,QueryWrapper,0,persistence_mapping
hello-travel-infrastructure/src/main/java/com/hellotravel/infrastructure/knowledge/repository/KnowledgeDocumentRepositoryImpl.java,115,InfrastructureException,1,persistence_mapping
hello-travel-infrastructure/src/main/java/com/hellotravel/infrastructure/knowledge/repository/KnowledgeDocumentRepositoryImpl.java,117,InfrastructureException,1,persistence_mapping
hello-travel-infrastructure/src/main/java/com/hellotravel/infrastructure/memory/converter/MemoryFactPersistenceConverter.java,26,MemoryFactAggregate,1,output_converter
hello-travel-infrastructure/src/main/java/com/hellotravel/infrastructure/memory/converter/MemoryFactPersistenceConverter.java,27,MemoryFactEntity,15,output_converter
hello-travel-infrastructure/src/main/java/com/hellotravel/infrastructure/memory/converter/MemoryFactPersistenceConverter.java,62,MemoryFactPO,0,output_converter
hello-travel-infrastructure/src/main/java/com/hellotravel/infrastructure/memory/converter/MemoryFactSourcePersistenceConverter.java,26,MemoryFactSourceAggregate,1,output_converter
hello-travel-infrastructure/src/main/java/com/hellotravel/infrastructure/memory/converter/MemoryFactSourcePersistenceConverter.java,27,MemoryFactSourceEntity,8,output_converter
hello-travel-infrastructure/src/main/java/com/hellotravel/infrastructure/memory/converter/MemoryFactSourcePersistenceConverter.java,55,MemoryFactSourcePO,0,output_converter
hello-travel-infrastructure/src/main/java/com/hellotravel/infrastructure/memory/converter/MemorySummaryPersistenceConverter.java,26,MemorySummaryAggregate,1,output_converter
hello-travel-infrastructure/src/main/java/com/hellotravel/infrastructure/memory/converter/MemorySummaryPersistenceConverter.java,27,MemorySummaryEntity,16,output_converter
hello-travel-infrastructure/src/main/java/com/hellotravel/infrastructure/memory/converter/MemorySummaryPersistenceConverter.java,63,MemorySummaryPO,0,output_converter
hello-travel-infrastructure/src/main/java/com/hellotravel/infrastructure/memory/repository/MemoryFactRepositoryImpl.java,73,Page,3,persistence_mapping
hello-travel-infrastructure/src/main/java/com/hellotravel/infrastructure/memory/repository/MemoryFactRepositoryImpl.java,101,QueryWrapper,0,persistence_mapping
hello-travel-infrastructure/src/main/java/com/hellotravel/infrastructure/memory/repository/MemoryFactRepositoryImpl.java,106,InfrastructureException,1,persistence_mapping
hello-travel-infrastructure/src/main/java/com/hellotravel/infrastructure/memory/repository/MemoryFactRepositoryImpl.java,108,InfrastructureException,1,persistence_mapping
hello-travel-infrastructure/src/main/java/com/hellotravel/infrastructure/memory/repository/MemoryFactSourceRepositoryImpl.java,67,Page,3,persistence_mapping
hello-travel-infrastructure/src/main/java/com/hellotravel/infrastructure/memory/repository/MemoryFactSourceRepositoryImpl.java,90,QueryWrapper,0,persistence_mapping
hello-travel-infrastructure/src/main/java/com/hellotravel/infrastructure/memory/repository/MemoryFactSourceRepositoryImpl.java,93,InfrastructureException,1,persistence_mapping
hello-travel-infrastructure/src/main/java/com/hellotravel/infrastructure/memory/repository/MemoryFactSourceRepositoryImpl.java,95,InfrastructureException,1,persistence_mapping
hello-travel-infrastructure/src/main/java/com/hellotravel/infrastructure/memory/repository/MemorySummaryRepositoryImpl.java,75,Page,3,persistence_mapping
hello-travel-infrastructure/src/main/java/com/hellotravel/infrastructure/memory/repository/MemorySummaryRepositoryImpl.java,103,QueryWrapper,0,persistence_mapping
hello-travel-infrastructure/src/main/java/com/hellotravel/infrastructure/memory/repository/MemorySummaryRepositoryImpl.java,108,InfrastructureException,1,persistence_mapping
hello-travel-infrastructure/src/main/java/com/hellotravel/infrastructure/memory/repository/MemorySummaryRepositoryImpl.java,110,InfrastructureException,1,persistence_mapping
hello-travel-infrastructure/src/main/java/com/hellotravel/infrastructure/sync/converter/OutboxEventPersistenceConverter.java,26,OutboxEventAggregate,1,output_converter
hello-travel-infrastructure/src/main/java/com/hellotravel/infrastructure/sync/converter/OutboxEventPersistenceConverter.java,27,OutboxEventEntity,18,output_converter
hello-travel-infrastructure/src/main/java/com/hellotravel/infrastructure/sync/converter/OutboxEventPersistenceConverter.java,65,OutboxEventPO,0,output_converter
hello-travel-infrastructure/src/main/java/com/hellotravel/infrastructure/sync/converter/SyncEventPersistenceConverter.java,26,SyncEventAggregate,1,output_converter
hello-travel-infrastructure/src/main/java/com/hellotravel/infrastructure/sync/converter/SyncEventPersistenceConverter.java,27,SyncEventEntity,10,output_converter
hello-travel-infrastructure/src/main/java/com/hellotravel/infrastructure/sync/converter/SyncEventPersistenceConverter.java,57,SyncEventPO,0,output_converter
hello-travel-infrastructure/src/main/java/com/hellotravel/infrastructure/sync/repository/OutboxEventRepositoryImpl.java,77,Page,3,persistence_mapping
hello-travel-infrastructure/src/main/java/com/hellotravel/infrastructure/sync/repository/OutboxEventRepositoryImpl.java,105,QueryWrapper,0,persistence_mapping
hello-travel-infrastructure/src/main/java/com/hellotravel/infrastructure/sync/repository/OutboxEventRepositoryImpl.java,110,InfrastructureException,1,persistence_mapping
hello-travel-infrastructure/src/main/java/com/hellotravel/infrastructure/sync/repository/OutboxEventRepositoryImpl.java,112,InfrastructureException,1,persistence_mapping
hello-travel-infrastructure/src/main/java/com/hellotravel/infrastructure/sync/repository/SyncEventRepositoryImpl.java,68,Page,3,persistence_mapping
hello-travel-infrastructure/src/main/java/com/hellotravel/infrastructure/sync/repository/SyncEventRepositoryImpl.java,91,QueryWrapper,0,persistence_mapping
hello-travel-infrastructure/src/main/java/com/hellotravel/infrastructure/sync/repository/SyncEventRepositoryImpl.java,94,InfrastructureException,1,persistence_mapping
hello-travel-infrastructure/src/main/java/com/hellotravel/infrastructure/sync/repository/SyncEventRepositoryImpl.java,96,InfrastructureException,1,persistence_mapping
hello-travel-start/src/main/java/com/hellotravel/start/Application.java,40,MybatisPlusInterceptor,0,common_or_start
hello-travel-start/src/main/java/com/hellotravel/start/Application.java,42,PaginationInnerInterceptor,1,common_or_start
hello-travel-start/src/main/java/com/hellotravel/start/config/DomainConfiguration.java,55,AuthWriteDomainService,5,common_or_start
hello-travel-start/src/main/java/com/hellotravel/start/config/DomainConfiguration.java,75,ChatWriteDomainService,4,common_or_start
hello-travel-start/src/main/java/com/hellotravel/start/config/DomainConfiguration.java,92,MemoryWriteDomainService,3,common_or_start
hello-travel-start/src/main/java/com/hellotravel/start/config/DomainConfiguration.java,109,KnowledgeWriteDomainService,3,common_or_start
hello-travel-start/src/main/java/com/hellotravel/start/config/DomainConfiguration.java,123,SyncWriteDomainService,2,common_or_start
hello-travel-start/src/main/java/com/hellotravel/start/config/ProductionConfiguration.java,32,HashSet,0,common_or_start
hello-travel-start/src/main/java/com/hellotravel/start/config/ProductionConfiguration.java,38,IllegalStateException,1,common_or_start
hello-travel-start/src/main/java/com/hellotravel/start/config/ProductionConfiguration.java,43,IllegalStateException,1,common_or_start
hello-travel-start/src/main/java/com/hellotravel/start/config/ProductionConfiguration.java,56,IllegalStateException,1,common_or_start
hello-travel-start/src/main/java/com/hellotravel/start/config/ProductionConfiguration.java,62,IllegalStateException,1,common_or_start
