file,method,line,statements,flow_blocks,classification
hello-travel-adaptor/src/main/java/com/hellotravel/adaptor/exception/AdaptorErrorCode.java,<init>,106,2,0,single_operation_or_constructor_review
hello-travel-adaptor/src/main/java/com/hellotravel/adaptor/exception/AdaptorErrorCode.java,code,117,1,0,single_operation_or_constructor_review
hello-travel-adaptor/src/main/java/com/hellotravel/adaptor/exception/AdaptorErrorCode.java,message,127,1,0,single_operation_or_constructor_review
hello-travel-adaptor/src/main/java/com/hellotravel/adaptor/exception/AdaptorErrorCode.java,status,137,1,0,single_operation_or_constructor_review
hello-travel-adaptor/src/main/java/com/hellotravel/adaptor/exception/AdaptorException.java,<init>,18,1,0,single_operation_or_constructor_review
hello-travel-adaptor/src/main/java/com/hellotravel/adaptor/file/output/FileOutAdaptorImpl.java,<init>,46,2,0,single_operation_or_constructor_review
hello-travel-adaptor/src/main/java/com/hellotravel/adaptor/file/output/FileOutAdaptorImpl.java,store,58,32,3,flow_checked
hello-travel-adaptor/src/main/java/com/hellotravel/adaptor/file/output/FileOutAdaptorImpl.java,scan,124,12,1,flow_checked
hello-travel-adaptor/src/main/java/com/hellotravel/adaptor/file/output/FileOutAdaptorImpl.java,parse,158,21,2,flow_checked
hello-travel-adaptor/src/main/java/com/hellotravel/adaptor/file/output/converter/FileOutputConverter.java,deleted,25,1,0,single_operation_or_constructor_review
hello-travel-adaptor/src/main/java/com/hellotravel/adaptor/file/output/converter/FileOutputConverter.java,scanned,36,1,0,single_operation_or_constructor_review
hello-travel-adaptor/src/main/java/com/hellotravel/adaptor/file/output/converter/FileOutputConverter.java,stored,50,4,0,single_operation_or_constructor_review
hello-travel-adaptor/src/main/java/com/hellotravel/adaptor/file/output/model/BoundedTextWriter.java,write,25,3,1,flow_checked
hello-travel-adaptor/src/main/java/com/hellotravel/adaptor/file/output/model/BoundedTextWriter.java,flush,39,0,0,single_operation_or_constructor_review
hello-travel-adaptor/src/main/java/com/hellotravel/adaptor/file/output/model/BoundedTextWriter.java,close,47,0,0,single_operation_or_constructor_review
hello-travel-adaptor/src/main/java/com/hellotravel/adaptor/file/output/model/BoundedTextWriter.java,toString,56,1,0,single_operation_or_constructor_review
hello-travel-adaptor/src/main/java/com/hellotravel/adaptor/http/assembler/AuthInputAssembler.java,toCommand,34,1,0,single_operation_or_constructor_review
hello-travel-adaptor/src/main/java/com/hellotravel/adaptor/http/assembler/AuthInputAssembler.java,check,59,1,0,single_operation_or_constructor_review
hello-travel-adaptor/src/main/java/com/hellotravel/adaptor/http/assembler/AuthInputAssembler.java,check,75,1,0,single_operation_or_constructor_review
hello-travel-adaptor/src/main/java/com/hellotravel/adaptor/http/assembler/AuthInputAssembler.java,toResponse,87,1,0,single_operation_or_constructor_review
hello-travel-adaptor/src/main/java/com/hellotravel/adaptor/http/assembler/AuthInputAssembler.java,action,104,9,0,single_operation_or_constructor_review
hello-travel-adaptor/src/main/java/com/hellotravel/adaptor/http/assembler/ChatInputAssembler.java,toCommand,39,16,1,flow_checked
hello-travel-adaptor/src/main/java/com/hellotravel/adaptor/http/assembler/ChatInputAssembler.java,conversation,82,1,0,single_operation_or_constructor_review
hello-travel-adaptor/src/main/java/com/hellotravel/adaptor/http/assembler/ChatInputAssembler.java,message,99,1,0,single_operation_or_constructor_review
hello-travel-adaptor/src/main/java/com/hellotravel/adaptor/http/assembler/ChatInputAssembler.java,run,117,1,0,single_operation_or_constructor_review
hello-travel-adaptor/src/main/java/com/hellotravel/adaptor/http/assembler/ChatInputAssembler.java,toResponse,136,1,0,single_operation_or_constructor_review
hello-travel-adaptor/src/main/java/com/hellotravel/adaptor/http/assembler/KnowledgeInputAssembler.java,toCommand,38,8,1,flow_checked
hello-travel-adaptor/src/main/java/com/hellotravel/adaptor/http/assembler/KnowledgeInputAssembler.java,upload,71,6,1,flow_checked
hello-travel-adaptor/src/main/java/com/hellotravel/adaptor/http/assembler/KnowledgeInputAssembler.java,document,100,1,0,single_operation_or_constructor_review
hello-travel-adaptor/src/main/java/com/hellotravel/adaptor/http/assembler/KnowledgeInputAssembler.java,toResponse,118,1,0,single_operation_or_constructor_review
hello-travel-adaptor/src/main/java/com/hellotravel/adaptor/http/assembler/SyncInputAssembler.java,toCommand,28,1,0,single_operation_or_constructor_review
hello-travel-adaptor/src/main/java/com/hellotravel/adaptor/http/assembler/SyncInputAssembler.java,event,39,1,0,single_operation_or_constructor_review
hello-travel-adaptor/src/main/java/com/hellotravel/adaptor/http/assembler/SyncInputAssembler.java,toResponse,56,1,0,single_operation_or_constructor_review
hello-travel-adaptor/src/main/java/com/hellotravel/adaptor/http/input/AuthController.java,<init>,34,3,0,single_operation_or_constructor_review
hello-travel-adaptor/src/main/java/com/hellotravel/adaptor/http/input/AuthController.java,authenticate,53,11,1,flow_checked
hello-travel-adaptor/src/main/java/com/hellotravel/adaptor/http/input/ChatController.java,<init>,31,2,0,single_operation_or_constructor_review
hello-travel-adaptor/src/main/java/com/hellotravel/adaptor/http/input/ChatController.java,manage,45,8,1,flow_checked
hello-travel-adaptor/src/main/java/com/hellotravel/adaptor/http/input/KnowledgeController.java,<init>,33,2,0,single_operation_or_constructor_review
hello-travel-adaptor/src/main/java/com/hellotravel/adaptor/http/input/KnowledgeController.java,upload,48,8,1,flow_checked
hello-travel-adaptor/src/main/java/com/hellotravel/adaptor/http/input/KnowledgeController.java,manage,77,8,1,flow_checked
hello-travel-adaptor/src/main/java/com/hellotravel/adaptor/http/input/SyncController.java,<init>,27,2,0,single_operation_or_constructor_review
hello-travel-adaptor/src/main/java/com/hellotravel/adaptor/http/input/SyncController.java,synchronize,40,8,1,flow_checked
hello-travel-adaptor/src/main/java/com/hellotravel/adaptor/http/stream/SyncStreamController.java,<init>,66,4,0,single_operation_or_constructor_review
hello-travel-adaptor/src/main/java/com/hellotravel/adaptor/http/stream/SyncStreamController.java,subscribe,85,18,2,flow_checked
hello-travel-adaptor/src/main/java/com/hellotravel/adaptor/http/stream/SyncStreamController.java,poll,134,11,0,single_operation_or_constructor_review
hello-travel-adaptor/src/main/java/com/hellotravel/adaptor/http/stream/SyncStreamController.java,emit,152,20,1,flow_checked
hello-travel-adaptor/src/main/java/com/hellotravel/adaptor/http/stream/SyncStreamController.java,closeSender,188,1,0,single_operation_or_constructor_review
hello-travel-adaptor/src/main/java/com/hellotravel/adaptor/http/stream/SyncStreamController.java,<init>,253,5,0,single_operation_or_constructor_review
hello-travel-adaptor/src/main/java/com/hellotravel/adaptor/http/stream/SyncStreamController.java,failedSubscription,262,8,2,flow_checked
hello-travel-adaptor/src/main/java/com/hellotravel/adaptor/http/support/AuthCookies.java,<init>,30,3,0,single_operation_or_constructor_review
hello-travel-adaptor/src/main/java/com/hellotravel/adaptor/http/support/AuthCookies.java,device,47,10,1,flow_checked
hello-travel-adaptor/src/main/java/com/hellotravel/adaptor/http/support/AuthCookies.java,sign,81,4,1,flow_checked
hello-travel-adaptor/src/main/java/com/hellotravel/adaptor/http/support/AuthCookies.java,cookie,101,2,1,flow_checked
hello-travel-adaptor/src/main/java/com/hellotravel/adaptor/http/support/AuthCookies.java,writeSession,125,4,1,flow_checked
hello-travel-adaptor/src/main/java/com/hellotravel/adaptor/http/support/HttpErrors.java,business,42,1,0,single_operation_or_constructor_review
hello-travel-adaptor/src/main/java/com/hellotravel/adaptor/http/support/HttpErrors.java,invalid,55,1,0,single_operation_or_constructor_review
hello-travel-adaptor/src/main/java/com/hellotravel/adaptor/http/support/HttpErrors.java,conflict,73,1,0,single_operation_or_constructor_review
hello-travel-adaptor/src/main/java/com/hellotravel/adaptor/http/support/HttpErrors.java,unexpected,85,2,1,flow_checked
hello-travel-adaptor/src/main/java/com/hellotravel/adaptor/http/support/HttpIdentity.java,<init>,17,0,0,single_operation_or_constructor_review
hello-travel-adaptor/src/main/java/com/hellotravel/adaptor/http/support/HttpIdentity.java,user,27,1,0,single_operation_or_constructor_review
hello-travel-adaptor/src/main/java/com/hellotravel/adaptor/http/support/HttpIdentity.java,session,38,1,0,single_operation_or_constructor_review
hello-travel-adaptor/src/main/java/com/hellotravel/adaptor/http/support/HttpIdentity.java,access,49,2,1,flow_checked
hello-travel-adaptor/src/main/java/com/hellotravel/adaptor/http/support/HttpIdentity.java,cookie,64,6,1,flow_checked
hello-travel-adaptor/src/main/java/com/hellotravel/adaptor/http/support/HttpProtocol.java,<init>,77,0,0,single_operation_or_constructor_review
hello-travel-adaptor/src/main/java/com/hellotravel/adaptor/http/support/HttpProtocol.java,cursor,87,1,0,single_operation_or_constructor_review
hello-travel-adaptor/src/main/java/com/hellotravel/adaptor/http/support/HttpProtocol.java,pageSize,98,1,0,single_operation_or_constructor_review
hello-travel-adaptor/src/main/java/com/hellotravel/adaptor/http/support/HttpResults.java,<init>,23,0,0,single_operation_or_constructor_review
hello-travel-adaptor/src/main/java/com/hellotravel/adaptor/http/support/HttpResults.java,capture,34,1,0,single_operation_or_constructor_review
hello-travel-adaptor/src/main/java/com/hellotravel/adaptor/http/support/HttpResults.java,failure,51,7,1,flow_checked
hello-travel-adaptor/src/main/java/com/hellotravel/adaptor/http/support/HttpResults.java,required,74,3,1,flow_checked
hello-travel-adaptor/src/main/java/com/hellotravel/adaptor/http/support/HttpResults.java,classification,83,4,0,single_operation_or_constructor_review
hello-travel-adaptor/src/main/java/com/hellotravel/adaptor/http/support/JsonBodyLimit.java,supports,33,1,0,single_operation_or_constructor_review
hello-travel-adaptor/src/main/java/com/hellotravel/adaptor/http/support/JsonBodyLimit.java,getBody,73,1,0,single_operation_or_constructor_review
hello-travel-adaptor/src/main/java/com/hellotravel/adaptor/http/support/JsonBodyLimit.java,getHeaders,83,1,0,single_operation_or_constructor_review
hello-travel-adaptor/src/main/java/com/hellotravel/adaptor/http/support/JsonBodyLimit.java,beforeBodyRead,51,6,1,flow_checked
hello-travel-adaptor/src/main/java/com/hellotravel/adaptor/http/support/SessionFilter.java,<init>,40,4,0,single_operation_or_constructor_review
hello-travel-adaptor/src/main/java/com/hellotravel/adaptor/http/support/SessionFilter.java,doFilterInternal,59,30,2,flow_checked
hello-travel-adaptor/src/main/java/com/hellotravel/adaptor/knowledge/output/VectorOutAdaptorImpl.java,<init>,49,2,0,single_operation_or_constructor_review
hello-travel-adaptor/src/main/java/com/hellotravel/adaptor/knowledge/output/VectorOutAdaptorImpl.java,index,62,20,1,flow_checked
hello-travel-adaptor/src/main/java/com/hellotravel/adaptor/knowledge/output/VectorOutAdaptorImpl.java,initializedClient,104,3,1,flow_checked
hello-travel-adaptor/src/main/java/com/hellotravel/adaptor/knowledge/output/VectorOutAdaptorImpl.java,client,112,8,1,flow_checked
hello-travel-adaptor/src/main/java/com/hellotravel/adaptor/knowledge/output/VectorOutAdaptorImpl.java,closeClient,133,2,0,single_operation_or_constructor_review
hello-travel-adaptor/src/main/java/com/hellotravel/adaptor/knowledge/output/VectorOutAdaptorImpl.java,initialize,141,18,1,flow_checked
hello-travel-adaptor/src/main/java/com/hellotravel/adaptor/knowledge/output/converter/VectorOutputConverter.java,id,68,3,1,flow_checked
hello-travel-adaptor/src/main/java/com/hellotravel/adaptor/knowledge/output/converter/VectorOutputConverter.java,owner,84,1,0,single_operation_or_constructor_review
hello-travel-adaptor/src/main/java/com/hellotravel/adaptor/knowledge/output/converter/VectorOutputConverter.java,search,96,4,1,flow_checked
hello-travel-adaptor/src/main/java/com/hellotravel/adaptor/knowledge/output/converter/VectorOutputConverter.java,delete,125,6,1,flow_checked
hello-travel-adaptor/src/main/java/com/hellotravel/adaptor/knowledge/output/converter/VectorOutputConverter.java,upsert,147,6,1,flow_checked
hello-travel-adaptor/src/main/java/com/hellotravel/adaptor/knowledge/output/converter/VectorOutputConverter.java,row,168,19,1,flow_checked
hello-travel-adaptor/src/main/java/com/hellotravel/adaptor/knowledge/output/converter/VectorOutputConverter.java,searchResult,209,4,1,flow_checked
hello-travel-adaptor/src/main/java/com/hellotravel/adaptor/knowledge/output/converter/VectorOutputConverter.java,hit,226,1,0,single_operation_or_constructor_review
hello-travel-adaptor/src/main/java/com/hellotravel/adaptor/knowledge/output/converter/VectorOutputConverter.java,completed,241,1,0,single_operation_or_constructor_review
hello-travel-adaptor/src/main/java/com/hellotravel/adaptor/mail/output/MailOutAdaptorImpl.java,<init>,27,2,0,single_operation_or_constructor_review
hello-travel-adaptor/src/main/java/com/hellotravel/adaptor/mail/output/MailOutAdaptorImpl.java,deliver,39,28,2,flow_checked
hello-travel-adaptor/src/main/java/com/hellotravel/adaptor/mail/output/converter/MailOutputConverter.java,accepted,21,1,0,single_operation_or_constructor_review
hello-travel-adaptor/src/main/java/com/hellotravel/adaptor/model/output/ModelOutAdaptorImpl.java,<init>,41,3,0,single_operation_or_constructor_review
hello-travel-adaptor/src/main/java/com/hellotravel/adaptor/model/output/ModelOutAdaptorImpl.java,generate,57,30,1,flow_checked
hello-travel-adaptor/src/main/java/com/hellotravel/adaptor/model/output/ModelOutAdaptorImpl.java,embed,130,5,1,flow_checked
hello-travel-adaptor/src/main/java/com/hellotravel/adaptor/model/output/converter/ModelOutputConverter.java,messages,52,12,1,flow_checked
hello-travel-adaptor/src/main/java/com/hellotravel/adaptor/model/output/converter/ModelOutputConverter.java,chat,76,2,1,flow_checked
hello-travel-adaptor/src/main/java/com/hellotravel/adaptor/model/output/converter/ModelOutputConverter.java,segments,96,1,0,single_operation_or_constructor_review
hello-travel-adaptor/src/main/java/com/hellotravel/adaptor/model/output/converter/ModelOutputConverter.java,embedding,107,3,1,flow_checked
hello-travel-adaptor/src/main/java/com/hellotravel/adaptor/model/output/converter/ModelOutputConverter.java,vector,128,10,1,flow_checked
hello-travel-adaptor/src/main/java/com/hellotravel/adaptor/model/output/model/ModelStreamHandler.java,<init>,57,3,0,single_operation_or_constructor_review
hello-travel-adaptor/src/main/java/com/hellotravel/adaptor/model/output/model/ModelStreamHandler.java,onPartialResponse,73,9,1,flow_checked
hello-travel-adaptor/src/main/java/com/hellotravel/adaptor/model/output/model/ModelStreamHandler.java,onCompleteResponse,96,1,0,single_operation_or_constructor_review
hello-travel-adaptor/src/main/java/com/hellotravel/adaptor/model/output/model/ModelStreamHandler.java,onError,106,1,0,single_operation_or_constructor_review
hello-travel-adaptor/src/main/java/com/hellotravel/adaptor/security/output/SecurityOutAdaptorImpl.java,<init>,41,3,0,single_operation_or_constructor_review
hello-travel-adaptor/src/main/java/com/hellotravel/adaptor/security/output/SecurityOutAdaptorImpl.java,process,57,15,0,single_operation_or_constructor_review
hello-travel-adaptor/src/main/java/com/hellotravel/adaptor/security/output/SecurityOutAdaptorImpl.java,encoder,114,1,0,single_operation_or_constructor_review
hello-travel-adaptor/src/main/java/com/hellotravel/adaptor/security/output/SecurityOutAdaptorImpl.java,key,118,7,1,flow_checked
hello-travel-adaptor/src/main/java/com/hellotravel/adaptor/security/output/SecurityOutAdaptorImpl.java,hmac,135,3,1,flow_checked
hello-travel-adaptor/src/main/java/com/hellotravel/adaptor/security/output/SecurityOutAdaptorImpl.java,encrypt,144,7,1,flow_checked
hello-travel-adaptor/src/main/java/com/hellotravel/adaptor/security/output/SecurityOutAdaptorImpl.java,decrypt,169,5,1,flow_checked
hello-travel-adaptor/src/main/java/com/hellotravel/adaptor/security/output/SecurityOutAdaptorImpl.java,limit,184,7,1,flow_checked
hello-travel-adaptor/src/main/java/com/hellotravel/adaptor/security/output/converter/SecurityOutputConverter.java,value,22,1,0,single_operation_or_constructor_review
hello-travel-adaptor/src/main/java/com/hellotravel/adaptor/security/output/converter/SecurityOutputConverter.java,verification,33,1,0,single_operation_or_constructor_review
hello-travel-adaptor/src/main/java/com/hellotravel/adaptor/travel/output/TravelOutAdaptorImpl.java,<init>,33,2,0,single_operation_or_constructor_review
hello-travel-adaptor/src/main/java/com/hellotravel/adaptor/travel/output/TravelOutAdaptorImpl.java,consult,46,24,2,flow_checked
hello-travel-adaptor/src/main/java/com/hellotravel/adaptor/travel/output/TravelOutAdaptorImpl.java,valid,94,1,0,single_operation_or_constructor_review
hello-travel-adaptor/src/main/java/com/hellotravel/adaptor/travel/output/TravelOutAdaptorImpl.java,geo,98,5,1,flow_checked
hello-travel-adaptor/src/main/java/com/hellotravel/adaptor/travel/output/TravelOutAdaptorImpl.java,get,111,12,2,flow_checked
hello-travel-adaptor/src/main/java/com/hellotravel/adaptor/travel/output/converter/TravelOutputConverter.java,notConfigured,29,1,0,single_operation_or_constructor_review
hello-travel-adaptor/src/main/java/com/hellotravel/adaptor/travel/output/converter/TravelOutputConverter.java,exceeded,39,1,0,single_operation_or_constructor_review
hello-travel-adaptor/src/main/java/com/hellotravel/adaptor/travel/output/converter/TravelOutputConverter.java,unavailable,49,1,0,single_operation_or_constructor_review
hello-travel-adaptor/src/main/java/com/hellotravel/adaptor/travel/output/converter/TravelOutputConverter.java,available,60,1,0,single_operation_or_constructor_review
hello-travel-adaptor/src/main/java/com/hellotravel/adaptor/travel/output/converter/TravelOutputConverter.java,geocode,72,1,0,single_operation_or_constructor_review
hello-travel-adaptor/src/main/java/com/hellotravel/adaptor/travel/output/converter/TravelOutputConverter.java,weather,84,1,0,single_operation_or_constructor_review
hello-travel-adaptor/src/main/java/com/hellotravel/adaptor/travel/output/converter/TravelOutputConverter.java,driving,97,1,0,single_operation_or_constructor_review
hello-travel-adaptor/src/main/java/com/hellotravel/adaptor/travel/output/converter/TravelOutputConverter.java,weatherFacts,116,1,0,single_operation_or_constructor_review
hello-travel-adaptor/src/main/java/com/hellotravel/adaptor/travel/output/converter/TravelOutputConverter.java,drivingFacts,127,2,1,flow_checked
hello-travel-adaptor/src/main/java/com/hellotravel/adaptor/travel/output/converter/TravelOutputConverter.java,request,146,3,1,flow_checked
hello-travel-application/src/main/java/com/hellotravel/application/auth/assembler/AuthApplicationAssembler.java,challenge,24,1,0,single_operation_or_constructor_review
hello-travel-application/src/main/java/com/hellotravel/application/auth/assembler/AuthApplicationAssembler.java,account,35,1,0,single_operation_or_constructor_review
hello-travel-application/src/main/java/com/hellotravel/application/auth/assembler/AuthApplicationAssembler.java,checked,47,1,0,single_operation_or_constructor_review
hello-travel-application/src/main/java/com/hellotravel/application/auth/assembler/AuthApplicationAssembler.java,session,62,1,0,single_operation_or_constructor_review
hello-travel-application/src/main/java/com/hellotravel/application/auth/assembler/AuthWriteApplicationAssembler.java,write,32,1,0,single_operation_or_constructor_review
hello-travel-application/src/main/java/com/hellotravel/application/auth/assembler/AuthWriteApplicationAssembler.java,write,43,1,0,single_operation_or_constructor_review
hello-travel-application/src/main/java/com/hellotravel/application/auth/assembler/AuthWriteApplicationAssembler.java,write,54,1,0,single_operation_or_constructor_review
hello-travel-application/src/main/java/com/hellotravel/application/auth/assembler/AuthWriteApplicationAssembler.java,write,65,1,0,single_operation_or_constructor_review
hello-travel-application/src/main/java/com/hellotravel/application/auth/assembler/AuthWriteApplicationAssembler.java,write,76,1,0,single_operation_or_constructor_review
hello-travel-application/src/main/java/com/hellotravel/application/auth/assembler/AuthWriteApplicationAssembler.java,removeRefreshReceipt,87,1,0,single_operation_or_constructor_review
hello-travel-application/src/main/java/com/hellotravel/application/auth/command/AuthCommand.java,toString,40,1,0,single_operation_or_constructor_review
hello-travel-application/src/main/java/com/hellotravel/application/auth/service/AuthApplication.java,<init>,21,1,0,single_operation_or_constructor_review
hello-travel-application/src/main/java/com/hellotravel/application/auth/service/AuthApplication.java,authenticate,32,5,1,flow_checked
hello-travel-application/src/main/java/com/hellotravel/application/auth/support/AuthRepositories.java,<init>,25,5,0,single_operation_or_constructor_review
hello-travel-application/src/main/java/com/hellotravel/application/auth/support/AuthWrites.java,<init>,25,2,0,single_operation_or_constructor_review
hello-travel-application/src/main/java/com/hellotravel/application/auth/support/AuthWrites.java,saveUserAccount,39,3,1,flow_checked
hello-travel-application/src/main/java/com/hellotravel/application/auth/support/AuthWrites.java,saveDevice,55,3,1,flow_checked
hello-travel-application/src/main/java/com/hellotravel/application/auth/support/AuthWrites.java,saveLoginSession,71,3,1,flow_checked
hello-travel-application/src/main/java/com/hellotravel/application/auth/support/AuthWrites.java,saveEmailChallenge,87,3,1,flow_checked
hello-travel-application/src/main/java/com/hellotravel/application/auth/support/AuthWrites.java,saveRefreshReceipt,103,3,1,flow_checked
hello-travel-application/src/main/java/com/hellotravel/application/auth/support/AuthWrites.java,removeRefreshReceipt,119,3,1,flow_checked
hello-travel-application/src/main/java/com/hellotravel/application/auth/workflow/AuthFlow.java,<init>,57,7,0,single_operation_or_constructor_review
hello-travel-application/src/main/java/com/hellotravel/application/auth/workflow/AuthFlow.java,perform,81,10,0,single_operation_or_constructor_review
hello-travel-application/src/main/java/com/hellotravel/application/auth/workflow/AuthFlow.java,secure,95,4,1,flow_checked
hello-travel-application/src/main/java/com/hellotravel/application/auth/workflow/AuthFlow.java,email,106,3,1,flow_checked
hello-travel-application/src/main/java/com/hellotravel/application/auth/workflow/AuthFlow.java,limit,115,3,1,flow_checked
hello-travel-application/src/main/java/com/hellotravel/application/auth/workflow/AuthFlow.java,account,124,2,1,flow_checked
hello-travel-application/src/main/java/com/hellotravel/application/auth/workflow/AuthFlow.java,proof,133,17,2,flow_checked
hello-travel-application/src/main/java/com/hellotravel/application/auth/workflow/AuthFlow.java,consume,193,4,1,flow_checked
hello-travel-application/src/main/java/com/hellotravel/application/auth/workflow/AuthFlow.java,hashPassword,206,3,1,flow_checked
hello-travel-application/src/main/java/com/hellotravel/application/auth/workflow/AuthFlow.java,challenge,215,21,2,flow_checked
hello-travel-application/src/main/java/com/hellotravel/application/auth/workflow/AuthFlow.java,register,292,11,2,flow_checked
hello-travel-application/src/main/java/com/hellotravel/application/auth/workflow/AuthFlow.java,login,326,40,2,flow_checked
hello-travel-application/src/main/java/com/hellotravel/application/auth/workflow/AuthFlow.java,session,434,6,1,flow_checked
hello-travel-application/src/main/java/com/hellotravel/application/auth/workflow/AuthFlow.java,valid,455,6,1,flow_checked
hello-travel-application/src/main/java/com/hellotravel/application/auth/workflow/AuthFlow.java,check,474,2,1,flow_checked
hello-travel-application/src/main/java/com/hellotravel/application/auth/workflow/AuthFlow.java,refresh,481,35,3,flow_checked
hello-travel-application/src/main/java/com/hellotravel/application/auth/workflow/AuthFlow.java,logout,590,8,2,flow_checked
hello-travel-application/src/main/java/com/hellotravel/application/auth/workflow/AuthFlow.java,reset,619,18,2,flow_checked
hello-travel-application/src/main/java/com/hellotravel/application/auth/workflow/AuthFlow.java,now,671,1,0,single_operation_or_constructor_review
hello-travel-application/src/main/java/com/hellotravel/application/chat/assembler/ChatApplicationAssembler.java,conversation,33,1,0,single_operation_or_constructor_review
hello-travel-application/src/main/java/com/hellotravel/application/chat/assembler/ChatApplicationAssembler.java,message,50,1,0,single_operation_or_constructor_review
hello-travel-application/src/main/java/com/hellotravel/application/chat/assembler/ChatApplicationAssembler.java,run,69,1,0,single_operation_or_constructor_review
hello-travel-application/src/main/java/com/hellotravel/application/chat/assembler/ChatApplicationAssembler.java,bootstrap,87,1,0,single_operation_or_constructor_review
hello-travel-application/src/main/java/com/hellotravel/application/chat/assembler/ChatApplicationAssembler.java,tabs,100,3,1,flow_checked
hello-travel-application/src/main/java/com/hellotravel/application/chat/assembler/ChatApplicationAssembler.java,changed,124,1,0,single_operation_or_constructor_review
hello-travel-application/src/main/java/com/hellotravel/application/chat/assembler/ChatApplicationAssembler.java,history,147,3,1,flow_checked
hello-travel-application/src/main/java/com/hellotravel/application/chat/assembler/ChatApplicationAssembler.java,accepted,178,1,0,single_operation_or_constructor_review
hello-travel-application/src/main/java/com/hellotravel/application/chat/assembler/ChatApplicationAssembler.java,runSnapshot,204,1,0,single_operation_or_constructor_review
hello-travel-application/src/main/java/com/hellotravel/application/chat/assembler/ChatApplicationAssembler.java,completed,226,1,0,single_operation_or_constructor_review
hello-travel-application/src/main/java/com/hellotravel/application/chat/assembler/ChatApplicationAssembler.java,context,240,1,0,single_operation_or_constructor_review
hello-travel-application/src/main/java/com/hellotravel/application/chat/assembler/ChatApplicationAssembler.java,commandForRun,262,1,0,single_operation_or_constructor_review
hello-travel-application/src/main/java/com/hellotravel/application/chat/assembler/ChatWriteApplicationAssembler.java,write,29,1,0,single_operation_or_constructor_review
hello-travel-application/src/main/java/com/hellotravel/application/chat/assembler/ChatWriteApplicationAssembler.java,write,40,1,0,single_operation_or_constructor_review
hello-travel-application/src/main/java/com/hellotravel/application/chat/assembler/ChatWriteApplicationAssembler.java,write,51,1,0,single_operation_or_constructor_review
hello-travel-application/src/main/java/com/hellotravel/application/chat/assembler/ChatWriteApplicationAssembler.java,write,62,1,0,single_operation_or_constructor_review
hello-travel-application/src/main/java/com/hellotravel/application/chat/service/ChatApplication.java,<init>,21,1,0,single_operation_or_constructor_review
hello-travel-application/src/main/java/com/hellotravel/application/chat/service/ChatApplication.java,manage,32,5,1,flow_checked
hello-travel-application/src/main/java/com/hellotravel/application/chat/support/ChatRepositories.java,<init>,23,4,0,single_operation_or_constructor_review
hello-travel-application/src/main/java/com/hellotravel/application/chat/support/ChatWrites.java,<init>,24,2,0,single_operation_or_constructor_review
hello-travel-application/src/main/java/com/hellotravel/application/chat/support/ChatWrites.java,saveConversation,38,3,1,flow_checked
hello-travel-application/src/main/java/com/hellotravel/application/chat/support/ChatWrites.java,saveMessage,54,3,1,flow_checked
hello-travel-application/src/main/java/com/hellotravel/application/chat/support/ChatWrites.java,saveChatRun,70,3,1,flow_checked
hello-travel-application/src/main/java/com/hellotravel/application/chat/support/ChatWrites.java,saveModelInvocation,86,3,1,flow_checked
hello-travel-application/src/main/java/com/hellotravel/application/chat/workflow/ChatFlow.java,<init>,50,8,0,single_operation_or_constructor_review
hello-travel-application/src/main/java/com/hellotravel/application/chat/workflow/ChatFlow.java,perform,76,17,1,flow_checked
hello-travel-application/src/main/java/com/hellotravel/application/chat/workflow/ChatFlow.java,owned,107,4,1,flow_checked
hello-travel-application/src/main/java/com/hellotravel/application/chat/workflow/ChatFlow.java,run,123,7,1,flow_checked
hello-travel-application/src/main/java/com/hellotravel/application/chat/workflow/ChatFlow.java,version,148,2,0,single_operation_or_constructor_review
hello-travel-application/src/main/java/com/hellotravel/application/chat/workflow/ChatFlow.java,active,155,1,0,single_operation_or_constructor_review
hello-travel-application/src/main/java/com/hellotravel/application/chat/workflow/ChatFlow.java,bootstrap,162,5,1,flow_checked
hello-travel-application/src/main/java/com/hellotravel/application/chat/workflow/ChatFlow.java,list,183,5,1,flow_checked
hello-travel-application/src/main/java/com/hellotravel/application/chat/workflow/ChatFlow.java,create,200,7,2,flow_checked
hello-travel-application/src/main/java/com/hellotravel/application/chat/workflow/ChatFlow.java,rename,227,8,1,flow_checked
hello-travel-application/src/main/java/com/hellotravel/application/chat/workflow/ChatFlow.java,history,254,8,1,flow_checked
hello-travel-application/src/main/java/com/hellotravel/application/chat/workflow/ChatFlow.java,submit,285,32,2,flow_checked
hello-travel-application/src/main/java/com/hellotravel/application/chat/workflow/ChatFlow.java,readRun,415,4,1,flow_checked
hello-travel-application/src/main/java/com/hellotravel/application/chat/workflow/ChatFlow.java,cancel,424,9,1,flow_checked
hello-travel-application/src/main/java/com/hellotravel/application/chat/workflow/ChatFlow.java,retry,453,16,1,flow_checked
hello-travel-application/src/main/java/com/hellotravel/application/chat/workflow/ChatFlow.java,erase,509,24,2,flow_checked
hello-travel-application/src/main/java/com/hellotravel/application/chat/workflow/ChatFlow.java,context,579,4,1,flow_checked
hello-travel-application/src/main/java/com/hellotravel/application/chat/workflow/ChatFlow.java,now,593,1,0,single_operation_or_constructor_review
hello-travel-application/src/main/java/com/hellotravel/application/exception/ApplicationErrorCode.java,<init>,106,2,0,single_operation_or_constructor_review
hello-travel-application/src/main/java/com/hellotravel/application/exception/ApplicationErrorCode.java,code,117,1,0,single_operation_or_constructor_review
hello-travel-application/src/main/java/com/hellotravel/application/exception/ApplicationErrorCode.java,message,127,1,0,single_operation_or_constructor_review
hello-travel-application/src/main/java/com/hellotravel/application/exception/ApplicationErrorCode.java,status,137,1,0,single_operation_or_constructor_review
hello-travel-application/src/main/java/com/hellotravel/application/exception/ApplicationException.java,<init>,18,1,0,single_operation_or_constructor_review
hello-travel-application/src/main/java/com/hellotravel/application/file/assembler/FileCommandAssembler.java,save,23,1,0,single_operation_or_constructor_review
hello-travel-application/src/main/java/com/hellotravel/application/file/assembler/FileCommandAssembler.java,delete,34,1,0,single_operation_or_constructor_review
hello-travel-application/src/main/java/com/hellotravel/application/file/assembler/FileCommandAssembler.java,scan,45,1,0,single_operation_or_constructor_review
hello-travel-application/src/main/java/com/hellotravel/application/jobs/workflow/BackgroundJobs.java,<init>,79,15,0,single_operation_or_constructor_review
hello-travel-application/src/main/java/com/hellotravel/application/jobs/workflow/BackgroundJobs.java,dispatch,117,22,2,flow_checked
hello-travel-application/src/main/java/com/hellotravel/application/jobs/workflow/BackgroundJobs.java,deliver,176,17,1,flow_checked
hello-travel-application/src/main/java/com/hellotravel/application/jobs/workflow/BackgroundJobs.java,email,198,16,2,flow_checked
hello-travel-application/src/main/java/com/hellotravel/application/jobs/workflow/BackgroundJobs.java,complete,242,7,1,flow_checked
hello-travel-application/src/main/java/com/hellotravel/application/jobs/workflow/BackgroundJobs.java,recovery,283,5,1,flow_checked
hello-travel-application/src/main/java/com/hellotravel/application/jobs/workflow/BackgroundJobs.java,reconcile,304,5,0,single_operation_or_constructor_review
hello-travel-application/src/main/java/com/hellotravel/application/jobs/workflow/BackgroundJobs.java,shutdown,321,1,0,single_operation_or_constructor_review
hello-travel-application/src/main/java/com/hellotravel/application/jobs/workflow/BackgroundJobs.java,now,326,1,0,single_operation_or_constructor_review
hello-travel-application/src/main/java/com/hellotravel/application/jobs/workflow/RetentionJobs.java,<init>,34,6,0,single_operation_or_constructor_review
hello-travel-application/src/main/java/com/hellotravel/application/jobs/workflow/RetentionJobs.java,expire,54,8,1,flow_checked
hello-travel-application/src/main/java/com/hellotravel/application/jobs/workflow/RetentionJobs.java,expireCredentials,80,16,3,flow_checked
hello-travel-application/src/main/java/com/hellotravel/application/jobs/workflow/RetentionJobs.java,now,144,1,0,single_operation_or_constructor_review
hello-travel-application/src/main/java/com/hellotravel/application/knowledge/assembler/KnowledgeApplicationAssembler.java,document,36,1,0,single_operation_or_constructor_review
hello-travel-application/src/main/java/com/hellotravel/application/knowledge/assembler/KnowledgeApplicationAssembler.java,single,64,1,0,single_operation_or_constructor_review
hello-travel-application/src/main/java/com/hellotravel/application/knowledge/assembler/KnowledgeApplicationAssembler.java,page,77,2,0,single_operation_or_constructor_review
hello-travel-application/src/main/java/com/hellotravel/application/knowledge/assembler/KnowledgeApplicationAssembler.java,received,93,2,1,flow_checked
hello-travel-application/src/main/java/com/hellotravel/application/knowledge/assembler/KnowledgeWriteApplicationAssembler.java,write,27,1,0,single_operation_or_constructor_review
hello-travel-application/src/main/java/com/hellotravel/application/knowledge/assembler/KnowledgeWriteApplicationAssembler.java,write,38,1,0,single_operation_or_constructor_review
hello-travel-application/src/main/java/com/hellotravel/application/knowledge/assembler/KnowledgeWriteApplicationAssembler.java,write,49,1,0,single_operation_or_constructor_review
hello-travel-application/src/main/java/com/hellotravel/application/knowledge/assembler/VectorCommandAssembler.java,search,27,1,0,single_operation_or_constructor_review
hello-travel-application/src/main/java/com/hellotravel/application/knowledge/assembler/VectorCommandAssembler.java,delete,40,1,0,single_operation_or_constructor_review
hello-travel-application/src/main/java/com/hellotravel/application/knowledge/assembler/VectorCommandAssembler.java,reconcile,59,1,0,single_operation_or_constructor_review
hello-travel-application/src/main/java/com/hellotravel/application/knowledge/assembler/VectorCommandAssembler.java,upsert,75,1,0,single_operation_or_constructor_review
hello-travel-application/src/main/java/com/hellotravel/application/knowledge/assembler/VectorCommandAssembler.java,item,98,1,0,single_operation_or_constructor_review
hello-travel-application/src/main/java/com/hellotravel/application/knowledge/policy/KnowledgeIndexPolicy.java,<init>,24,0,0,single_operation_or_constructor_review
hello-travel-application/src/main/java/com/hellotravel/application/knowledge/policy/KnowledgeIndexPolicy.java,model,33,1,0,single_operation_or_constructor_review
hello-travel-application/src/main/java/com/hellotravel/application/knowledge/policy/KnowledgeIndexPolicy.java,dimensions,43,1,0,single_operation_or_constructor_review
hello-travel-application/src/main/java/com/hellotravel/application/knowledge/policy/KnowledgeIndexPolicy.java,collection,53,1,0,single_operation_or_constructor_review
hello-travel-application/src/main/java/com/hellotravel/application/knowledge/policy/KnowledgeIndexPolicy.java,profile,63,1,0,single_operation_or_constructor_review
hello-travel-application/src/main/java/com/hellotravel/application/knowledge/service/KnowledgeApplication.java,<init>,21,1,0,single_operation_or_constructor_review
hello-travel-application/src/main/java/com/hellotravel/application/knowledge/service/KnowledgeApplication.java,manage,32,4,0,single_operation_or_constructor_review
hello-travel-application/src/main/java/com/hellotravel/application/knowledge/support/KnowledgeRepositories.java,<init>,21,3,0,single_operation_or_constructor_review
hello-travel-application/src/main/java/com/hellotravel/application/knowledge/support/KnowledgeWrites.java,<init>,23,2,0,single_operation_or_constructor_review
hello-travel-application/src/main/java/com/hellotravel/application/knowledge/support/KnowledgeWrites.java,saveKnowledgeDocument,37,3,1,flow_checked
hello-travel-application/src/main/java/com/hellotravel/application/knowledge/support/KnowledgeWrites.java,saveKnowledgeChunk,53,3,1,flow_checked
hello-travel-application/src/main/java/com/hellotravel/application/knowledge/support/KnowledgeWrites.java,saveIndexJob,69,3,1,flow_checked
hello-travel-application/src/main/java/com/hellotravel/application/knowledge/workflow/KnowledgeFlow.java,<init>,38,7,0,single_operation_or_constructor_review
hello-travel-application/src/main/java/com/hellotravel/application/knowledge/workflow/KnowledgeFlow.java,owned,63,4,1,flow_checked
hello-travel-application/src/main/java/com/hellotravel/application/knowledge/workflow/KnowledgeFlow.java,perform,86,24,2,flow_checked
hello-travel-application/src/main/java/com/hellotravel/application/knowledge/workflow/KnowledgeFlow.java,job,143,2,1,flow_checked
hello-travel-application/src/main/java/com/hellotravel/application/knowledge/workflow/KnowledgeFlow.java,list,158,3,1,flow_checked
hello-travel-application/src/main/java/com/hellotravel/application/knowledge/workflow/KnowledgeFlow.java,upload,171,20,2,flow_checked
hello-travel-application/src/main/java/com/hellotravel/application/knowledge/workflow/KnowledgeIndexer.java,<init>,70,11,0,single_operation_or_constructor_review
hello-travel-application/src/main/java/com/hellotravel/application/knowledge/workflow/KnowledgeIndexer.java,execute,101,24,2,flow_checked
hello-travel-application/src/main/java/com/hellotravel/application/knowledge/workflow/KnowledgeIndexer.java,split,149,9,1,flow_checked
hello-travel-application/src/main/java/com/hellotravel/application/knowledge/workflow/KnowledgeIndexer.java,current,164,4,1,flow_checked
hello-travel-application/src/main/java/com/hellotravel/application/knowledge/workflow/KnowledgeIndexer.java,state,178,7,1,flow_checked
hello-travel-application/src/main/java/com/hellotravel/application/knowledge/workflow/KnowledgeIndexer.java,finish,208,13,1,flow_checked
hello-travel-application/src/main/java/com/hellotravel/application/knowledge/workflow/KnowledgeIndexer.java,reconcile,262,34,2,flow_checked
hello-travel-application/src/main/java/com/hellotravel/application/knowledge/workflow/KnowledgeIndexer.java,sweepOrphans,348,14,1,flow_checked
hello-travel-application/src/main/java/com/hellotravel/application/knowledge/workflow/KnowledgeIndexer.java,require,377,2,0,single_operation_or_constructor_review
hello-travel-application/src/main/java/com/hellotravel/application/knowledge/workflow/KnowledgeIndexer.java,now,384,1,0,single_operation_or_constructor_review
hello-travel-application/src/main/java/com/hellotravel/application/knowledge/workflow/KnowledgeIndexer.java,claim,388,9,2,flow_checked
hello-travel-application/src/main/java/com/hellotravel/application/knowledge/workflow/KnowledgeIndexer.java,deleteArtifacts,412,5,1,flow_checked
hello-travel-application/src/main/java/com/hellotravel/application/knowledge/workflow/KnowledgeIndexer.java,indexBatch,425,29,3,flow_checked
hello-travel-application/src/main/java/com/hellotravel/application/knowledge/workflow/RagFlow.java,<init>,33,6,0,single_operation_or_constructor_review
hello-travel-application/src/main/java/com/hellotravel/application/knowledge/workflow/RagFlow.java,retrieve,56,25,1,flow_checked
hello-travel-application/src/main/java/com/hellotravel/application/mail/assembler/MailCommandAssembler.java,challenge,25,1,0,single_operation_or_constructor_review
hello-travel-application/src/main/java/com/hellotravel/application/mail/command/MailCommand.java,toString,19,1,0,single_operation_or_constructor_review
hello-travel-application/src/main/java/com/hellotravel/application/memory/assembler/ContextApplicationAssembler.java,snapshot,27,6,1,flow_checked
hello-travel-application/src/main/java/com/hellotravel/application/memory/assembler/ContextApplicationAssembler.java,initial,66,1,0,single_operation_or_constructor_review
hello-travel-application/src/main/java/com/hellotravel/application/memory/assembler/MemoryWriteApplicationAssembler.java,write,28,1,0,single_operation_or_constructor_review
hello-travel-application/src/main/java/com/hellotravel/application/memory/assembler/MemoryWriteApplicationAssembler.java,write,39,1,0,single_operation_or_constructor_review
hello-travel-application/src/main/java/com/hellotravel/application/memory/assembler/MemoryWriteApplicationAssembler.java,write,50,1,0,single_operation_or_constructor_review
hello-travel-application/src/main/java/com/hellotravel/application/memory/assembler/MemoryWriteApplicationAssembler.java,removeMemoryFactSource,61,1,0,single_operation_or_constructor_review
hello-travel-application/src/main/java/com/hellotravel/application/memory/support/MemoryRepositories.java,<init>,21,3,0,single_operation_or_constructor_review
hello-travel-application/src/main/java/com/hellotravel/application/memory/support/MemoryWrites.java,<init>,23,2,0,single_operation_or_constructor_review
hello-travel-application/src/main/java/com/hellotravel/application/memory/support/MemoryWrites.java,saveMemorySummary,37,3,1,flow_checked
hello-travel-application/src/main/java/com/hellotravel/application/memory/support/MemoryWrites.java,saveMemoryFact,53,3,1,flow_checked
hello-travel-application/src/main/java/com/hellotravel/application/memory/support/MemoryWrites.java,saveMemoryFactSource,69,3,1,flow_checked
hello-travel-application/src/main/java/com/hellotravel/application/memory/support/MemoryWrites.java,removeMemoryFactSource,85,3,1,flow_checked
hello-travel-application/src/main/java/com/hellotravel/application/memory/workflow/MemoryFlow.java,<init>,59,9,0,single_operation_or_constructor_review
hello-travel-application/src/main/java/com/hellotravel/application/memory/workflow/MemoryFlow.java,recent,87,2,0,single_operation_or_constructor_review
hello-travel-application/src/main/java/com/hellotravel/application/memory/workflow/MemoryFlow.java,recentEntities,98,5,1,flow_checked
hello-travel-application/src/main/java/com/hellotravel/application/memory/workflow/MemoryFlow.java,older,122,8,1,flow_checked
hello-travel-application/src/main/java/com/hellotravel/application/memory/workflow/MemoryFlow.java,completePairs,152,12,1,flow_checked
hello-travel-application/src/main/java/com/hellotravel/application/memory/workflow/MemoryFlow.java,summary,182,2,1,flow_checked
hello-travel-application/src/main/java/com/hellotravel/application/memory/workflow/MemoryFlow.java,facts,203,16,1,flow_checked
hello-travel-application/src/main/java/com/hellotravel/application/memory/workflow/MemoryFlow.java,compress,253,21,2,flow_checked
hello-travel-application/src/main/java/com/hellotravel/application/memory/workflow/MemoryFlow.java,extract,350,20,1,flow_checked
hello-travel-application/src/main/java/com/hellotravel/application/memory/workflow/MemoryFlow.java,now,403,1,0,single_operation_or_constructor_review
hello-travel-application/src/main/java/com/hellotravel/application/memory/workflow/MemoryFlow.java,persistFacts,407,31,1,flow_checked
hello-travel-application/src/main/java/com/hellotravel/application/memory/workflow/MemoryFlow.java,recordExtraction,519,5,1,flow_checked
hello-travel-application/src/main/java/com/hellotravel/application/memory/workflow/MemoryFlow.java,reserveExtraction,549,5,2,flow_checked
hello-travel-application/src/main/java/com/hellotravel/application/memory/workflow/PrivacyCleanup.java,<init>,34,6,0,single_operation_or_constructor_review
hello-travel-application/src/main/java/com/hellotravel/application/memory/workflow/PrivacyCleanup.java,execute,55,29,2,flow_checked
hello-travel-application/src/main/java/com/hellotravel/application/model/assembler/ModelCommandAssembler.java,embed,24,1,0,single_operation_or_constructor_review
hello-travel-application/src/main/java/com/hellotravel/application/model/assembler/ModelCommandAssembler.java,intent,36,1,0,single_operation_or_constructor_review
hello-travel-application/src/main/java/com/hellotravel/application/model/assembler/ModelCommandAssembler.java,compress,52,1,0,single_operation_or_constructor_review
hello-travel-application/src/main/java/com/hellotravel/application/model/assembler/ModelCommandAssembler.java,extract,68,1,0,single_operation_or_constructor_review
hello-travel-application/src/main/java/com/hellotravel/application/model/assembler/ModelCommandAssembler.java,answer,88,1,0,single_operation_or_constructor_review
hello-travel-application/src/main/java/com/hellotravel/application/model/assembler/ModelCommandAssembler.java,history,103,1,0,single_operation_or_constructor_review
hello-travel-application/src/main/java/com/hellotravel/application/model/assembler/ModelCommandAssembler.java,user,114,1,0,single_operation_or_constructor_review
hello-travel-application/src/main/java/com/hellotravel/application/model/command/ModelCommand.java,toString,26,1,0,single_operation_or_constructor_review
hello-travel-application/src/main/java/com/hellotravel/application/model/policy/ModelContextPolicy.java,<init>,38,4,0,single_operation_or_constructor_review
hello-travel-application/src/main/java/com/hellotravel/application/model/policy/ModelContextPolicy.java,budget,65,1,0,single_operation_or_constructor_review
hello-travel-application/src/main/java/com/hellotravel/application/model/policy/ModelContextPolicy.java,outputReserve,75,1,0,single_operation_or_constructor_review
hello-travel-application/src/main/java/com/hellotravel/application/model/policy/ModelContextPolicy.java,compressionInputLimit,85,1,0,single_operation_or_constructor_review
hello-travel-application/src/main/java/com/hellotravel/application/model/policy/ModelContextPolicy.java,outputLimit,103,1,0,single_operation_or_constructor_review
hello-travel-application/src/main/java/com/hellotravel/application/model/policy/ModelContextPolicy.java,accepts,116,5,1,flow_checked
hello-travel-application/src/main/java/com/hellotravel/application/security/assembler/SecurityCommandAssembler.java,signDevice,32,1,0,single_operation_or_constructor_review
hello-travel-application/src/main/java/com/hellotravel/application/security/assembler/SecurityCommandAssembler.java,decrypt,44,1,0,single_operation_or_constructor_review
hello-travel-application/src/main/java/com/hellotravel/application/security/assembler/SecurityCommandAssembler.java,hashPassword,55,1,0,single_operation_or_constructor_review
hello-travel-application/src/main/java/com/hellotravel/application/security/assembler/SecurityCommandAssembler.java,verifyPassword,67,1,0,single_operation_or_constructor_review
hello-travel-application/src/main/java/com/hellotravel/application/security/assembler/SecurityCommandAssembler.java,otp,77,1,0,single_operation_or_constructor_review
hello-travel-application/src/main/java/com/hellotravel/application/security/assembler/SecurityCommandAssembler.java,mailAvailable,87,1,0,single_operation_or_constructor_review
hello-travel-application/src/main/java/com/hellotravel/application/security/assembler/SecurityCommandAssembler.java,hmac,99,1,0,single_operation_or_constructor_review
hello-travel-application/src/main/java/com/hellotravel/application/security/assembler/SecurityCommandAssembler.java,encrypt,111,1,0,single_operation_or_constructor_review
hello-travel-application/src/main/java/com/hellotravel/application/security/assembler/SecurityCommandAssembler.java,limit,123,1,0,single_operation_or_constructor_review
hello-travel-application/src/main/java/com/hellotravel/application/security/assembler/SecurityCommandAssembler.java,passwordProof,135,1,0,single_operation_or_constructor_review
hello-travel-application/src/main/java/com/hellotravel/application/security/command/SecurityCommand.java,toString,20,1,0,single_operation_or_constructor_review
hello-travel-application/src/main/java/com/hellotravel/application/support/ApplicationFailures.java,<init>,24,0,0,single_operation_or_constructor_review
hello-travel-application/src/main/java/com/hellotravel/application/support/ApplicationFailures.java,capture,35,7,1,flow_checked
hello-travel-application/src/main/java/com/hellotravel/application/support/ApplicationFailures.java,required,61,7,1,flow_checked
hello-travel-application/src/main/java/com/hellotravel/application/support/Json.java,<init>,25,0,0,single_operation_or_constructor_review
hello-travel-application/src/main/java/com/hellotravel/application/support/Json.java,encode,35,4,0,single_operation_or_constructor_review
hello-travel-application/src/main/java/com/hellotravel/application/support/Json.java,read,50,4,0,single_operation_or_constructor_review
hello-travel-application/src/main/java/com/hellotravel/application/sync/assembler/SyncApplicationAssembler.java,event,25,1,0,single_operation_or_constructor_review
hello-travel-application/src/main/java/com/hellotravel/application/sync/assembler/SyncApplicationAssembler.java,page,43,3,1,flow_checked
hello-travel-application/src/main/java/com/hellotravel/application/sync/assembler/SyncWriteApplicationAssembler.java,write,26,1,0,single_operation_or_constructor_review
hello-travel-application/src/main/java/com/hellotravel/application/sync/assembler/SyncWriteApplicationAssembler.java,removeSyncEvent,37,1,0,single_operation_or_constructor_review
hello-travel-application/src/main/java/com/hellotravel/application/sync/assembler/SyncWriteApplicationAssembler.java,write,48,1,0,single_operation_or_constructor_review
hello-travel-application/src/main/java/com/hellotravel/application/sync/service/SyncApplication.java,<init>,28,3,0,single_operation_or_constructor_review
hello-travel-application/src/main/java/com/hellotravel/application/sync/service/SyncApplication.java,synchronize,44,12,1,flow_checked
hello-travel-application/src/main/java/com/hellotravel/application/sync/support/SyncRepositories.java,<init>,19,2,0,single_operation_or_constructor_review
hello-travel-application/src/main/java/com/hellotravel/application/sync/support/SyncWrites.java,<init>,22,2,0,single_operation_or_constructor_review
hello-travel-application/src/main/java/com/hellotravel/application/sync/support/SyncWrites.java,saveSyncEvent,36,3,1,flow_checked
hello-travel-application/src/main/java/com/hellotravel/application/sync/support/SyncWrites.java,removeSyncEvent,52,3,1,flow_checked
hello-travel-application/src/main/java/com/hellotravel/application/sync/support/SyncWrites.java,saveOutboxEvent,68,3,1,flow_checked
hello-travel-application/src/main/java/com/hellotravel/application/sync/workflow/SyncEvents.java,<init>,24,1,0,single_operation_or_constructor_review
hello-travel-application/src/main/java/com/hellotravel/application/sync/workflow/SyncEvents.java,append,39,3,1,flow_checked
hello-travel-application/src/main/java/com/hellotravel/application/sync/workflow/SyncEvents.java,outbox,78,2,1,flow_checked
hello-travel-application/src/main/java/com/hellotravel/application/travel/assembler/TravelCommandAssembler.java,fromIntent,23,1,0,single_operation_or_constructor_review
hello-travel-application/src/main/java/com/hellotravel/application/travel/workflow/RunCoordinator.java,<init>,40,4,0,single_operation_or_constructor_review
hello-travel-application/src/main/java/com/hellotravel/application/travel/workflow/RunCoordinator.java,claim,58,18,2,flow_checked
hello-travel-application/src/main/java/com/hellotravel/application/travel/workflow/RunCoordinator.java,requireCurrent,122,5,1,flow_checked
hello-travel-application/src/main/java/com/hellotravel/application/travel/workflow/RunCoordinator.java,checkpoint,149,6,1,flow_checked
hello-travel-application/src/main/java/com/hellotravel/application/travel/workflow/RunCoordinator.java,progress,189,13,2,flow_checked
hello-travel-application/src/main/java/com/hellotravel/application/travel/workflow/RunCoordinator.java,invocation,256,5,1,flow_checked
hello-travel-application/src/main/java/com/hellotravel/application/travel/workflow/RunCoordinator.java,invocationComplete,291,5,1,flow_checked
hello-travel-application/src/main/java/com/hellotravel/application/travel/workflow/RunCoordinator.java,finalizeAnswer,329,11,1,flow_checked
hello-travel-application/src/main/java/com/hellotravel/application/travel/workflow/RunCoordinator.java,fail,391,9,1,flow_checked
hello-travel-application/src/main/java/com/hellotravel/application/travel/workflow/RunCoordinator.java,recoverExpired,435,11,1,flow_checked
hello-travel-application/src/main/java/com/hellotravel/application/travel/workflow/RunCoordinator.java,recoverAccepted,486,13,1,flow_checked
hello-travel-application/src/main/java/com/hellotravel/application/travel/workflow/RunCoordinator.java,now,534,1,0,single_operation_or_constructor_review
hello-travel-application/src/main/java/com/hellotravel/application/travel/workflow/TravelGraph.java,<init>,49,10,0,single_operation_or_constructor_review
hello-travel-application/src/main/java/com/hellotravel/application/travel/workflow/TravelGraph.java,execute,78,31,7,flow_checked
hello-travel-application/src/main/java/com/hellotravel/application/travel/workflow/TravelGraph.java,load,158,12,1,flow_checked
hello-travel-application/src/main/java/com/hellotravel/application/travel/workflow/TravelGraph.java,intent,179,11,1,flow_checked
hello-travel-application/src/main/java/com/hellotravel/application/travel/workflow/TravelGraph.java,facts,212,10,1,flow_checked
hello-travel-application/src/main/java/com/hellotravel/application/travel/workflow/TravelGraph.java,system,231,1,0,single_operation_or_constructor_review
hello-travel-application/src/main/java/com/hellotravel/application/travel/workflow/TravelGraph.java,estimate,247,7,1,flow_checked
hello-travel-application/src/main/java/com/hellotravel/application/travel/workflow/TravelGraph.java,budget,264,11,1,flow_checked
hello-travel-application/src/main/java/com/hellotravel/application/travel/workflow/TravelGraph.java,checkpoint,286,2,1,flow_checked
hello-travel-application/src/main/java/com/hellotravel/application/travel/workflow/TravelGraph.java,budgetJson,293,1,0,single_operation_or_constructor_review
hello-travel-application/src/main/java/com/hellotravel/application/travel/workflow/TravelGraph.java,answer,302,20,2,flow_checked
hello-travel-application/src/main/java/com/hellotravel/application/travel/workflow/TravelGraph.java,<init>,468,1,0,single_operation_or_constructor_review
hello-travel-application/src/main/java/com/hellotravel/application/tx/Transactions.java,<init>,30,3,0,single_operation_or_constructor_review
hello-travel-application/src/main/java/com/hellotravel/application/tx/Transactions.java,plain,47,4,1,flow_checked
hello-travel-application/src/main/java/com/hellotravel/application/tx/Transactions.java,snapshot,64,6,1,flow_checked
hello-travel-application/src/main/java/com/hellotravel/application/tx/Transactions.java,mutate,85,18,2,flow_checked
hello-travel-application/src/main/java/com/hellotravel/application/tx/Transactions.java,require,128,2,0,single_operation_or_constructor_review
hello-travel-client/src/main/java/com/hellotravel/client/auth/request/AuthRequest.java,toString,22,1,0,single_operation_or_constructor_review
hello-travel-client/src/main/java/com/hellotravel/client/auth/response/AuthResponse.java,toString,28,1,0,single_operation_or_constructor_review
hello-travel-common/src/main/java/com/hellotravel/common/error/BaseException.java,<init>,23,2,0,single_operation_or_constructor_review
hello-travel-common/src/main/java/com/hellotravel/common/error/BaseException.java,errorCode,34,1,0,single_operation_or_constructor_review
hello-travel-common/src/main/java/com/hellotravel/common/error/Failures.java,<init>,17,0,0,single_operation_or_constructor_review
hello-travel-common/src/main/java/com/hellotravel/common/error/Failures.java,capture,29,4,1,flow_checked
hello-travel-common/src/main/java/com/hellotravel/common/identity/Ids.java,<init>,36,0,0,single_operation_or_constructor_review
hello-travel-common/src/main/java/com/hellotravel/common/identity/Ids.java,next,45,16,1,flow_checked
hello-travel-common/src/main/java/com/hellotravel/common/identity/Ids.java,token,75,3,1,flow_checked
hello-travel-common/src/main/java/com/hellotravel/common/identity/Ids.java,hash,91,4,0,single_operation_or_constructor_review
hello-travel-common/src/main/java/com/hellotravel/common/result/Result.java,success,25,1,0,single_operation_or_constructor_review
hello-travel-common/src/main/java/com/hellotravel/common/result/Result.java,failure,37,1,0,single_operation_or_constructor_review
hello-travel-common/src/main/java/com/hellotravel/common/result/Result.java,require,47,3,1,flow_checked
hello-travel-domain/src/main/java/com/hellotravel/domain/auth/model/aggregate/DeviceAggregate.java,assertComplete,20,2,0,single_operation_or_constructor_review
hello-travel-domain/src/main/java/com/hellotravel/domain/auth/model/aggregate/DeviceAggregate.java,idForPersistence,33,1,0,single_operation_or_constructor_review
hello-travel-domain/src/main/java/com/hellotravel/domain/auth/model/aggregate/DeviceAggregate.java,assertWritableAgainst,43,3,1,flow_checked
hello-travel-domain/src/main/java/com/hellotravel/domain/auth/model/aggregate/DeviceAggregate.java,browser,61,1,0,single_operation_or_constructor_review
hello-travel-domain/src/main/java/com/hellotravel/domain/auth/model/aggregate/EmailChallengeAggregate.java,assertComplete,20,2,0,single_operation_or_constructor_review
hello-travel-domain/src/main/java/com/hellotravel/domain/auth/model/aggregate/EmailChallengeAggregate.java,idForPersistence,33,1,0,single_operation_or_constructor_review
hello-travel-domain/src/main/java/com/hellotravel/domain/auth/model/aggregate/EmailChallengeAggregate.java,assertWritableAgainst,43,3,1,flow_checked
hello-travel-domain/src/main/java/com/hellotravel/domain/auth/model/aggregate/EmailChallengeAggregate.java,consume,58,1,0,single_operation_or_constructor_review
hello-travel-domain/src/main/java/com/hellotravel/domain/auth/model/aggregate/EmailChallengeAggregate.java,failedAttempt,69,1,0,single_operation_or_constructor_review
hello-travel-domain/src/main/java/com/hellotravel/domain/auth/model/aggregate/EmailChallengeAggregate.java,delivery,81,1,0,single_operation_or_constructor_review
hello-travel-domain/src/main/java/com/hellotravel/domain/auth/model/aggregate/EmailChallengeAggregate.java,pendingDelivery,100,1,0,single_operation_or_constructor_review
hello-travel-domain/src/main/java/com/hellotravel/domain/auth/model/aggregate/LoginSessionAggregate.java,assertComplete,22,2,0,single_operation_or_constructor_review
hello-travel-domain/src/main/java/com/hellotravel/domain/auth/model/aggregate/LoginSessionAggregate.java,idForPersistence,35,1,0,single_operation_or_constructor_review
hello-travel-domain/src/main/java/com/hellotravel/domain/auth/model/aggregate/LoginSessionAggregate.java,assertWritableAgainst,45,3,1,flow_checked
hello-travel-domain/src/main/java/com/hellotravel/domain/auth/model/aggregate/LoginSessionAggregate.java,revoke,61,1,0,single_operation_or_constructor_review
hello-travel-domain/src/main/java/com/hellotravel/domain/auth/model/aggregate/LoginSessionAggregate.java,rotate,76,1,0,single_operation_or_constructor_review
hello-travel-domain/src/main/java/com/hellotravel/domain/auth/model/aggregate/LoginSessionAggregate.java,issue,95,1,0,single_operation_or_constructor_review
hello-travel-domain/src/main/java/com/hellotravel/domain/auth/model/aggregate/RefreshReceiptAggregate.java,assertComplete,20,2,0,single_operation_or_constructor_review
hello-travel-domain/src/main/java/com/hellotravel/domain/auth/model/aggregate/RefreshReceiptAggregate.java,idForPersistence,33,1,0,single_operation_or_constructor_review
hello-travel-domain/src/main/java/com/hellotravel/domain/auth/model/aggregate/RefreshReceiptAggregate.java,assertWritableAgainst,43,3,1,flow_checked
hello-travel-domain/src/main/java/com/hellotravel/domain/auth/model/aggregate/RefreshReceiptAggregate.java,consumed,63,1,0,single_operation_or_constructor_review
hello-travel-domain/src/main/java/com/hellotravel/domain/auth/model/aggregate/UserAccountAggregate.java,assertComplete,20,2,0,single_operation_or_constructor_review
hello-travel-domain/src/main/java/com/hellotravel/domain/auth/model/aggregate/UserAccountAggregate.java,idForPersistence,33,1,0,single_operation_or_constructor_review
hello-travel-domain/src/main/java/com/hellotravel/domain/auth/model/aggregate/UserAccountAggregate.java,assertWritableAgainst,43,3,1,flow_checked
hello-travel-domain/src/main/java/com/hellotravel/domain/auth/model/aggregate/UserAccountAggregate.java,advanceSync,58,1,0,single_operation_or_constructor_review
hello-travel-domain/src/main/java/com/hellotravel/domain/auth/model/aggregate/UserAccountAggregate.java,resetPassword,70,1,0,single_operation_or_constructor_review
hello-travel-domain/src/main/java/com/hellotravel/domain/auth/model/aggregate/UserAccountAggregate.java,registered,86,1,0,single_operation_or_constructor_review
hello-travel-domain/src/main/java/com/hellotravel/domain/auth/model/entity/DeviceEntity.java,<init>,37,1,0,single_operation_or_constructor_review
hello-travel-domain/src/main/java/com/hellotravel/domain/auth/model/entity/DeviceEntity.java,toString,48,1,0,single_operation_or_constructor_review
hello-travel-domain/src/main/java/com/hellotravel/domain/auth/model/entity/DeviceEntity.java,deviceKeyHash,59,1,0,single_operation_or_constructor_review
hello-travel-domain/src/main/java/com/hellotravel/domain/auth/model/entity/DeviceEntity.java,browser,72,2,1,flow_checked
hello-travel-domain/src/main/java/com/hellotravel/domain/auth/model/entity/DeviceEntity.java,assertUpdateAgainst,85,6,1,flow_checked
hello-travel-domain/src/main/java/com/hellotravel/domain/auth/model/entity/EmailChallengeEntity.java,<init>,50,2,0,single_operation_or_constructor_review
hello-travel-domain/src/main/java/com/hellotravel/domain/auth/model/entity/EmailChallengeEntity.java,consume,62,3,1,flow_checked
hello-travel-domain/src/main/java/com/hellotravel/domain/auth/model/entity/EmailChallengeEntity.java,failedAttempt,94,2,1,flow_checked
hello-travel-domain/src/main/java/com/hellotravel/domain/auth/model/entity/EmailChallengeEntity.java,delivery,124,1,0,single_operation_or_constructor_review
hello-travel-domain/src/main/java/com/hellotravel/domain/auth/model/entity/EmailChallengeEntity.java,toString,151,1,0,single_operation_or_constructor_review
hello-travel-domain/src/main/java/com/hellotravel/domain/auth/model/entity/EmailChallengeEntity.java,codeHmac,162,1,0,single_operation_or_constructor_review
hello-travel-domain/src/main/java/com/hellotravel/domain/auth/model/entity/EmailChallengeEntity.java,deliveryCiphertext,173,1,0,single_operation_or_constructor_review
hello-travel-domain/src/main/java/com/hellotravel/domain/auth/model/entity/EmailChallengeEntity.java,assertUpdateAgainst,184,4,1,flow_checked
hello-travel-domain/src/main/java/com/hellotravel/domain/auth/model/entity/EmailChallengeEntity.java,pendingDelivery,209,1,0,single_operation_or_constructor_review
hello-travel-domain/src/main/java/com/hellotravel/domain/auth/model/entity/LoginSessionEntity.java,<init>,53,3,0,single_operation_or_constructor_review
hello-travel-domain/src/main/java/com/hellotravel/domain/auth/model/entity/LoginSessionEntity.java,revoke,67,1,0,single_operation_or_constructor_review
hello-travel-domain/src/main/java/com/hellotravel/domain/auth/model/entity/LoginSessionEntity.java,rotate,99,3,1,flow_checked
hello-travel-domain/src/main/java/com/hellotravel/domain/auth/model/entity/LoginSessionEntity.java,toString,132,1,0,single_operation_or_constructor_review
hello-travel-domain/src/main/java/com/hellotravel/domain/auth/model/entity/LoginSessionEntity.java,accessTokenHash,143,1,0,single_operation_or_constructor_review
hello-travel-domain/src/main/java/com/hellotravel/domain/auth/model/entity/LoginSessionEntity.java,refreshTokenHash,153,1,0,single_operation_or_constructor_review
hello-travel-domain/src/main/java/com/hellotravel/domain/auth/model/entity/LoginSessionEntity.java,csrfTokenHash,163,1,0,single_operation_or_constructor_review
hello-travel-domain/src/main/java/com/hellotravel/domain/auth/model/entity/LoginSessionEntity.java,issue,180,4,1,flow_checked
hello-travel-domain/src/main/java/com/hellotravel/domain/auth/model/entity/LoginSessionEntity.java,assertUpdateAgainst,221,8,1,flow_checked
hello-travel-domain/src/main/java/com/hellotravel/domain/auth/model/entity/RefreshReceiptEntity.java,<init>,30,1,0,single_operation_or_constructor_review
hello-travel-domain/src/main/java/com/hellotravel/domain/auth/model/entity/RefreshReceiptEntity.java,toString,41,1,0,single_operation_or_constructor_review
hello-travel-domain/src/main/java/com/hellotravel/domain/auth/model/entity/RefreshReceiptEntity.java,tokenHash,52,1,0,single_operation_or_constructor_review
hello-travel-domain/src/main/java/com/hellotravel/domain/auth/model/entity/RefreshReceiptEntity.java,assertUpdateAgainst,62,2,0,single_operation_or_constructor_review
hello-travel-domain/src/main/java/com/hellotravel/domain/auth/model/entity/RefreshReceiptEntity.java,consumed,80,1,0,single_operation_or_constructor_review
hello-travel-domain/src/main/java/com/hellotravel/domain/auth/model/entity/UserAccountEntity.java,advanceSync,42,3,1,flow_checked
hello-travel-domain/src/main/java/com/hellotravel/domain/auth/model/entity/UserAccountEntity.java,resetPassword,69,1,0,single_operation_or_constructor_review
hello-travel-domain/src/main/java/com/hellotravel/domain/auth/model/entity/UserAccountEntity.java,toString,91,1,0,single_operation_or_constructor_review
hello-travel-domain/src/main/java/com/hellotravel/domain/auth/model/entity/UserAccountEntity.java,assertUpdateAgainst,102,4,1,flow_checked
hello-travel-domain/src/main/java/com/hellotravel/domain/auth/model/entity/UserAccountEntity.java,registered,124,3,1,flow_checked
hello-travel-domain/src/main/java/com/hellotravel/domain/auth/model/value/SessionCredentialsValue.java,<init>,19,5,0,single_operation_or_constructor_review
hello-travel-domain/src/main/java/com/hellotravel/domain/auth/model/value/SessionCredentialsValue.java,accessHash,36,1,0,single_operation_or_constructor_review
hello-travel-domain/src/main/java/com/hellotravel/domain/auth/model/value/SessionCredentialsValue.java,refreshHash,46,1,0,single_operation_or_constructor_review
hello-travel-domain/src/main/java/com/hellotravel/domain/auth/model/value/SessionCredentialsValue.java,csrfHash,56,1,0,single_operation_or_constructor_review
hello-travel-domain/src/main/java/com/hellotravel/domain/auth/model/value/SessionCredentialsValue.java,toString,66,1,0,single_operation_or_constructor_review
hello-travel-domain/src/main/java/com/hellotravel/domain/auth/service/AuthWriteDomainService.java,<init>,35,5,0,single_operation_or_constructor_review
hello-travel-domain/src/main/java/com/hellotravel/domain/auth/service/AuthWriteDomainService.java,saveUserAccount,55,14,1,flow_checked
hello-travel-domain/src/main/java/com/hellotravel/domain/auth/service/AuthWriteDomainService.java,saveDevice,90,14,1,flow_checked
hello-travel-domain/src/main/java/com/hellotravel/domain/auth/service/AuthWriteDomainService.java,saveLoginSession,125,14,1,flow_checked
hello-travel-domain/src/main/java/com/hellotravel/domain/auth/service/AuthWriteDomainService.java,saveEmailChallenge,160,14,1,flow_checked
hello-travel-domain/src/main/java/com/hellotravel/domain/auth/service/AuthWriteDomainService.java,saveRefreshReceipt,195,14,1,flow_checked
hello-travel-domain/src/main/java/com/hellotravel/domain/auth/service/AuthWriteDomainService.java,removeRefreshReceipt,230,6,1,flow_checked
hello-travel-domain/src/main/java/com/hellotravel/domain/chat/model/aggregate/ChatRunAggregate.java,assertComplete,23,2,0,single_operation_or_constructor_review
hello-travel-domain/src/main/java/com/hellotravel/domain/chat/model/aggregate/ChatRunAggregate.java,idForPersistence,36,1,0,single_operation_or_constructor_review
hello-travel-domain/src/main/java/com/hellotravel/domain/chat/model/aggregate/ChatRunAggregate.java,assertWritableAgainst,46,3,1,flow_checked
hello-travel-domain/src/main/java/com/hellotravel/domain/chat/model/aggregate/ChatRunAggregate.java,claim,62,1,0,single_operation_or_constructor_review
hello-travel-domain/src/main/java/com/hellotravel/domain/chat/model/aggregate/ChatRunAggregate.java,finish,75,1,0,single_operation_or_constructor_review
hello-travel-domain/src/main/java/com/hellotravel/domain/chat/model/aggregate/ChatRunAggregate.java,retry,87,1,0,single_operation_or_constructor_review
hello-travel-domain/src/main/java/com/hellotravel/domain/chat/model/aggregate/ChatRunAggregate.java,checkpoint,101,1,0,single_operation_or_constructor_review
hello-travel-domain/src/main/java/com/hellotravel/domain/chat/model/aggregate/ChatRunAggregate.java,accepted,119,1,0,single_operation_or_constructor_review
hello-travel-domain/src/main/java/com/hellotravel/domain/chat/model/aggregate/ChatRunAggregate.java,contextBudget,143,1,0,single_operation_or_constructor_review
hello-travel-domain/src/main/java/com/hellotravel/domain/chat/model/aggregate/ConversationAggregate.java,assertComplete,20,2,0,single_operation_or_constructor_review
hello-travel-domain/src/main/java/com/hellotravel/domain/chat/model/aggregate/ConversationAggregate.java,idForPersistence,33,1,0,single_operation_or_constructor_review
hello-travel-domain/src/main/java/com/hellotravel/domain/chat/model/aggregate/ConversationAggregate.java,assertWritableAgainst,43,3,1,flow_checked
hello-travel-domain/src/main/java/com/hellotravel/domain/chat/model/aggregate/ConversationAggregate.java,appendPair,58,1,0,single_operation_or_constructor_review
hello-travel-domain/src/main/java/com/hellotravel/domain/chat/model/aggregate/ConversationAggregate.java,rename,70,1,0,single_operation_or_constructor_review
hello-travel-domain/src/main/java/com/hellotravel/domain/chat/model/aggregate/ConversationAggregate.java,eraseHistory,82,1,0,single_operation_or_constructor_review
hello-travel-domain/src/main/java/com/hellotravel/domain/chat/model/aggregate/ConversationAggregate.java,started,98,1,0,single_operation_or_constructor_review
hello-travel-domain/src/main/java/com/hellotravel/domain/chat/model/aggregate/MessageAggregate.java,assertComplete,21,2,0,single_operation_or_constructor_review
hello-travel-domain/src/main/java/com/hellotravel/domain/chat/model/aggregate/MessageAggregate.java,idForPersistence,34,1,0,single_operation_or_constructor_review
hello-travel-domain/src/main/java/com/hellotravel/domain/chat/model/aggregate/MessageAggregate.java,assertWritableAgainst,44,3,1,flow_checked
hello-travel-domain/src/main/java/com/hellotravel/domain/chat/model/aggregate/MessageAggregate.java,progress,62,1,0,single_operation_or_constructor_review
hello-travel-domain/src/main/java/com/hellotravel/domain/chat/model/aggregate/MessageAggregate.java,erase,73,1,0,single_operation_or_constructor_review
hello-travel-domain/src/main/java/com/hellotravel/domain/chat/model/aggregate/MessageAggregate.java,userInput,87,1,0,single_operation_or_constructor_review
hello-travel-domain/src/main/java/com/hellotravel/domain/chat/model/aggregate/MessageAggregate.java,assistantPlaceholder,101,1,0,single_operation_or_constructor_review
hello-travel-domain/src/main/java/com/hellotravel/domain/chat/model/aggregate/ModelInvocationAggregate.java,assertComplete,20,2,0,single_operation_or_constructor_review
hello-travel-domain/src/main/java/com/hellotravel/domain/chat/model/aggregate/ModelInvocationAggregate.java,idForPersistence,33,1,0,single_operation_or_constructor_review
hello-travel-domain/src/main/java/com/hellotravel/domain/chat/model/aggregate/ModelInvocationAggregate.java,assertWritableAgainst,43,3,1,flow_checked
hello-travel-domain/src/main/java/com/hellotravel/domain/chat/model/aggregate/ModelInvocationAggregate.java,extractionCompleted,63,1,0,single_operation_or_constructor_review
hello-travel-domain/src/main/java/com/hellotravel/domain/chat/model/aggregate/ModelInvocationAggregate.java,extractionStarted,88,1,0,single_operation_or_constructor_review
hello-travel-domain/src/main/java/com/hellotravel/domain/chat/model/aggregate/ModelInvocationAggregate.java,started,123,1,0,single_operation_or_constructor_review
hello-travel-domain/src/main/java/com/hellotravel/domain/chat/model/aggregate/ModelInvocationAggregate.java,completed,161,1,0,single_operation_or_constructor_review
hello-travel-domain/src/main/java/com/hellotravel/domain/chat/model/entity/ChatRunEntity.java,<init>,70,1,0,single_operation_or_constructor_review
hello-travel-domain/src/main/java/com/hellotravel/domain/chat/model/entity/ChatRunEntity.java,claim,82,3,1,flow_checked
hello-travel-domain/src/main/java/com/hellotravel/domain/chat/model/entity/ChatRunEntity.java,finish,124,1,0,single_operation_or_constructor_review
hello-travel-domain/src/main/java/com/hellotravel/domain/chat/model/entity/ChatRunEntity.java,retry,161,3,1,flow_checked
hello-travel-domain/src/main/java/com/hellotravel/domain/chat/model/entity/ChatRunEntity.java,checkpoint,204,1,0,single_operation_or_constructor_review
hello-travel-domain/src/main/java/com/hellotravel/domain/chat/model/entity/ChatRunEntity.java,toString,240,1,0,single_operation_or_constructor_review
hello-travel-domain/src/main/java/com/hellotravel/domain/chat/model/entity/ChatRunEntity.java,requestDigest,251,1,0,single_operation_or_constructor_review
hello-travel-domain/src/main/java/com/hellotravel/domain/chat/model/entity/ChatRunEntity.java,accepted,269,4,1,flow_checked
hello-travel-domain/src/main/java/com/hellotravel/domain/chat/model/entity/ChatRunEntity.java,assertUpdateAgainst,325,8,1,flow_checked
hello-travel-domain/src/main/java/com/hellotravel/domain/chat/model/entity/ChatRunEntity.java,contextBudget,354,1,0,single_operation_or_constructor_review
hello-travel-domain/src/main/java/com/hellotravel/domain/chat/model/entity/ConversationEntity.java,appendPair,44,3,1,flow_checked
hello-travel-domain/src/main/java/com/hellotravel/domain/chat/model/entity/ConversationEntity.java,rename,72,2,1,flow_checked
hello-travel-domain/src/main/java/com/hellotravel/domain/chat/model/entity/ConversationEntity.java,eraseHistory,98,1,0,single_operation_or_constructor_review
hello-travel-domain/src/main/java/com/hellotravel/domain/chat/model/entity/ConversationEntity.java,toString,121,1,0,single_operation_or_constructor_review
hello-travel-domain/src/main/java/com/hellotravel/domain/chat/model/entity/ConversationEntity.java,assertUpdateAgainst,132,8,1,flow_checked
hello-travel-domain/src/main/java/com/hellotravel/domain/chat/model/entity/ConversationEntity.java,started,162,4,1,flow_checked
hello-travel-domain/src/main/java/com/hellotravel/domain/chat/model/entity/ConversationEntity.java,normalizedTitle,197,3,1,flow_checked
hello-travel-domain/src/main/java/com/hellotravel/domain/chat/model/entity/MessageEntity.java,progress,49,3,1,flow_checked
hello-travel-domain/src/main/java/com/hellotravel/domain/chat/model/entity/MessageEntity.java,erase,79,1,0,single_operation_or_constructor_review
hello-travel-domain/src/main/java/com/hellotravel/domain/chat/model/entity/MessageEntity.java,toString,103,1,0,single_operation_or_constructor_review
hello-travel-domain/src/main/java/com/hellotravel/domain/chat/model/entity/MessageEntity.java,userInput,117,4,1,flow_checked
hello-travel-domain/src/main/java/com/hellotravel/domain/chat/model/entity/MessageEntity.java,assistantPlaceholder,149,4,1,flow_checked
hello-travel-domain/src/main/java/com/hellotravel/domain/chat/model/entity/MessageEntity.java,assertUpdateAgainst,179,10,1,flow_checked
hello-travel-domain/src/main/java/com/hellotravel/domain/chat/model/entity/ModelInvocationEntity.java,toString,64,1,0,single_operation_or_constructor_review
hello-travel-domain/src/main/java/com/hellotravel/domain/chat/model/entity/ModelInvocationEntity.java,assertUpdateAgainst,75,8,1,flow_checked
hello-travel-domain/src/main/java/com/hellotravel/domain/chat/model/entity/ModelInvocationEntity.java,extractionCompleted,105,1,0,single_operation_or_constructor_review
hello-travel-domain/src/main/java/com/hellotravel/domain/chat/model/entity/ModelInvocationEntity.java,extractionStarted,150,1,0,single_operation_or_constructor_review
hello-travel-domain/src/main/java/com/hellotravel/domain/chat/model/entity/ModelInvocationEntity.java,started,199,1,0,single_operation_or_constructor_review
hello-travel-domain/src/main/java/com/hellotravel/domain/chat/model/entity/ModelInvocationEntity.java,completed,249,1,0,single_operation_or_constructor_review
hello-travel-domain/src/main/java/com/hellotravel/domain/chat/service/ChatWriteDomainService.java,<init>,31,4,0,single_operation_or_constructor_review
hello-travel-domain/src/main/java/com/hellotravel/domain/chat/service/ChatWriteDomainService.java,saveConversation,49,14,1,flow_checked
hello-travel-domain/src/main/java/com/hellotravel/domain/chat/service/ChatWriteDomainService.java,saveMessage,84,14,1,flow_checked
hello-travel-domain/src/main/java/com/hellotravel/domain/chat/service/ChatWriteDomainService.java,saveChatRun,119,14,1,flow_checked
hello-travel-domain/src/main/java/com/hellotravel/domain/chat/service/ChatWriteDomainService.java,saveModelInvocation,154,14,1,flow_checked
hello-travel-domain/src/main/java/com/hellotravel/domain/exception/DomainErrorCode.java,<init>,106,2,0,single_operation_or_constructor_review
hello-travel-domain/src/main/java/com/hellotravel/domain/exception/DomainErrorCode.java,code,117,1,0,single_operation_or_constructor_review
hello-travel-domain/src/main/java/com/hellotravel/domain/exception/DomainErrorCode.java,message,127,1,0,single_operation_or_constructor_review
hello-travel-domain/src/main/java/com/hellotravel/domain/exception/DomainErrorCode.java,status,137,1,0,single_operation_or_constructor_review
hello-travel-domain/src/main/java/com/hellotravel/domain/exception/DomainException.java,<init>,18,1,0,single_operation_or_constructor_review
hello-travel-domain/src/main/java/com/hellotravel/domain/knowledge/model/aggregate/IndexJobAggregate.java,assertComplete,20,2,0,single_operation_or_constructor_review
hello-travel-domain/src/main/java/com/hellotravel/domain/knowledge/model/aggregate/IndexJobAggregate.java,idForPersistence,33,1,0,single_operation_or_constructor_review
hello-travel-domain/src/main/java/com/hellotravel/domain/knowledge/model/aggregate/IndexJobAggregate.java,assertWritableAgainst,43,3,1,flow_checked
hello-travel-domain/src/main/java/com/hellotravel/domain/knowledge/model/aggregate/IndexJobAggregate.java,claim,60,1,0,single_operation_or_constructor_review
hello-travel-domain/src/main/java/com/hellotravel/domain/knowledge/model/aggregate/IndexJobAggregate.java,complete,73,1,0,single_operation_or_constructor_review
hello-travel-domain/src/main/java/com/hellotravel/domain/knowledge/model/aggregate/IndexJobAggregate.java,pending,90,1,0,single_operation_or_constructor_review
hello-travel-domain/src/main/java/com/hellotravel/domain/knowledge/model/aggregate/KnowledgeChunkAggregate.java,assertComplete,21,2,0,single_operation_or_constructor_review
hello-travel-domain/src/main/java/com/hellotravel/domain/knowledge/model/aggregate/KnowledgeChunkAggregate.java,idForPersistence,34,1,0,single_operation_or_constructor_review
hello-travel-domain/src/main/java/com/hellotravel/domain/knowledge/model/aggregate/KnowledgeChunkAggregate.java,assertWritableAgainst,44,3,1,flow_checked
hello-travel-domain/src/main/java/com/hellotravel/domain/knowledge/model/aggregate/KnowledgeChunkAggregate.java,pending,65,1,0,single_operation_or_constructor_review
hello-travel-domain/src/main/java/com/hellotravel/domain/knowledge/model/aggregate/KnowledgeChunkAggregate.java,ready,83,1,0,single_operation_or_constructor_review
hello-travel-domain/src/main/java/com/hellotravel/domain/knowledge/model/aggregate/KnowledgeChunkAggregate.java,deleted,95,1,0,single_operation_or_constructor_review
hello-travel-domain/src/main/java/com/hellotravel/domain/knowledge/model/aggregate/KnowledgeDocumentAggregate.java,assertComplete,21,2,0,single_operation_or_constructor_review
hello-travel-domain/src/main/java/com/hellotravel/domain/knowledge/model/aggregate/KnowledgeDocumentAggregate.java,idForPersistence,34,1,0,single_operation_or_constructor_review
hello-travel-domain/src/main/java/com/hellotravel/domain/knowledge/model/aggregate/KnowledgeDocumentAggregate.java,assertWritableAgainst,44,3,1,flow_checked
hello-travel-domain/src/main/java/com/hellotravel/domain/knowledge/model/aggregate/KnowledgeDocumentAggregate.java,transition,62,1,0,single_operation_or_constructor_review
hello-travel-domain/src/main/java/com/hellotravel/domain/knowledge/model/aggregate/KnowledgeDocumentAggregate.java,reindex,73,1,0,single_operation_or_constructor_review
hello-travel-domain/src/main/java/com/hellotravel/domain/knowledge/model/aggregate/KnowledgeDocumentAggregate.java,erase,84,1,0,single_operation_or_constructor_review
hello-travel-domain/src/main/java/com/hellotravel/domain/knowledge/model/aggregate/KnowledgeDocumentAggregate.java,received,107,1,0,single_operation_or_constructor_review
hello-travel-domain/src/main/java/com/hellotravel/domain/knowledge/model/entity/IndexJobEntity.java,toString,54,1,0,single_operation_or_constructor_review
hello-travel-domain/src/main/java/com/hellotravel/domain/knowledge/model/entity/IndexJobEntity.java,claim,67,3,1,flow_checked
hello-travel-domain/src/main/java/com/hellotravel/domain/knowledge/model/entity/IndexJobEntity.java,complete,101,3,1,flow_checked
hello-travel-domain/src/main/java/com/hellotravel/domain/knowledge/model/entity/IndexJobEntity.java,assertUpdateAgainst,133,8,1,flow_checked
hello-travel-domain/src/main/java/com/hellotravel/domain/knowledge/model/entity/IndexJobEntity.java,pending,164,1,0,single_operation_or_constructor_review
hello-travel-domain/src/main/java/com/hellotravel/domain/knowledge/model/entity/KnowledgeChunkEntity.java,<init>,49,1,0,single_operation_or_constructor_review
hello-travel-domain/src/main/java/com/hellotravel/domain/knowledge/model/entity/KnowledgeChunkEntity.java,toString,60,1,0,single_operation_or_constructor_review
hello-travel-domain/src/main/java/com/hellotravel/domain/knowledge/model/entity/KnowledgeChunkEntity.java,contentSha256,71,1,0,single_operation_or_constructor_review
hello-travel-domain/src/main/java/com/hellotravel/domain/knowledge/model/entity/KnowledgeChunkEntity.java,pending,88,2,1,flow_checked
hello-travel-domain/src/main/java/com/hellotravel/domain/knowledge/model/entity/KnowledgeChunkEntity.java,ready,122,3,1,flow_checked
hello-travel-domain/src/main/java/com/hellotravel/domain/knowledge/model/entity/KnowledgeChunkEntity.java,assertUpdateAgainst,152,10,1,flow_checked
hello-travel-domain/src/main/java/com/hellotravel/domain/knowledge/model/entity/KnowledgeChunkEntity.java,deleted,182,1,0,single_operation_or_constructor_review
hello-travel-domain/src/main/java/com/hellotravel/domain/knowledge/model/entity/KnowledgeDocumentEntity.java,<init>,66,1,0,single_operation_or_constructor_review
hello-travel-domain/src/main/java/com/hellotravel/domain/knowledge/model/entity/KnowledgeDocumentEntity.java,transition,80,3,1,flow_checked
hello-travel-domain/src/main/java/com/hellotravel/domain/knowledge/model/entity/KnowledgeDocumentEntity.java,reindex,118,3,1,flow_checked
hello-travel-domain/src/main/java/com/hellotravel/domain/knowledge/model/entity/KnowledgeDocumentEntity.java,erase,156,1,0,single_operation_or_constructor_review
hello-travel-domain/src/main/java/com/hellotravel/domain/knowledge/model/entity/KnowledgeDocumentEntity.java,toString,190,1,0,single_operation_or_constructor_review
hello-travel-domain/src/main/java/com/hellotravel/domain/knowledge/model/entity/KnowledgeDocumentEntity.java,contentSha256,201,1,0,single_operation_or_constructor_review
hello-travel-domain/src/main/java/com/hellotravel/domain/knowledge/model/entity/KnowledgeDocumentEntity.java,assertUpdateAgainst,212,8,1,flow_checked
hello-travel-domain/src/main/java/com/hellotravel/domain/knowledge/model/entity/KnowledgeDocumentEntity.java,received,249,1,0,single_operation_or_constructor_review
hello-travel-domain/src/main/java/com/hellotravel/domain/knowledge/model/value/EmbeddingProfileValue.java,<init>,20,2,0,single_operation_or_constructor_review
hello-travel-domain/src/main/java/com/hellotravel/domain/knowledge/model/value/EmbeddingProfileValue.java,selected,40,1,0,single_operation_or_constructor_review
hello-travel-domain/src/main/java/com/hellotravel/domain/knowledge/service/KnowledgeWriteDomainService.java,<init>,28,3,0,single_operation_or_constructor_review
hello-travel-domain/src/main/java/com/hellotravel/domain/knowledge/service/KnowledgeWriteDomainService.java,saveKnowledgeDocument,44,14,1,flow_checked
hello-travel-domain/src/main/java/com/hellotravel/domain/knowledge/service/KnowledgeWriteDomainService.java,saveKnowledgeChunk,79,14,1,flow_checked
hello-travel-domain/src/main/java/com/hellotravel/domain/knowledge/service/KnowledgeWriteDomainService.java,saveIndexJob,114,14,1,flow_checked
hello-travel-domain/src/main/java/com/hellotravel/domain/memory/model/aggregate/MemoryFactAggregate.java,assertComplete,22,2,0,single_operation_or_constructor_review
hello-travel-domain/src/main/java/com/hellotravel/domain/memory/model/aggregate/MemoryFactAggregate.java,idForPersistence,35,1,0,single_operation_or_constructor_review
hello-travel-domain/src/main/java/com/hellotravel/domain/memory/model/aggregate/MemoryFactAggregate.java,assertWritableAgainst,45,3,1,flow_checked
hello-travel-domain/src/main/java/com/hellotravel/domain/memory/model/aggregate/MemoryFactAggregate.java,reviseExplicit,62,1,0,single_operation_or_constructor_review
hello-travel-domain/src/main/java/com/hellotravel/domain/memory/model/aggregate/MemoryFactAggregate.java,explicit,77,1,0,single_operation_or_constructor_review
hello-travel-domain/src/main/java/com/hellotravel/domain/memory/model/aggregate/MemoryFactAggregate.java,propose,93,1,0,single_operation_or_constructor_review
hello-travel-domain/src/main/java/com/hellotravel/domain/memory/model/aggregate/MemoryFactAggregate.java,redacted,105,1,0,single_operation_or_constructor_review
hello-travel-domain/src/main/java/com/hellotravel/domain/memory/model/aggregate/MemoryFactSourceAggregate.java,assertComplete,20,2,0,single_operation_or_constructor_review
hello-travel-domain/src/main/java/com/hellotravel/domain/memory/model/aggregate/MemoryFactSourceAggregate.java,idForPersistence,33,1,0,single_operation_or_constructor_review
hello-travel-domain/src/main/java/com/hellotravel/domain/memory/model/aggregate/MemoryFactSourceAggregate.java,assertWritableAgainst,43,3,1,flow_checked
hello-travel-domain/src/main/java/com/hellotravel/domain/memory/model/aggregate/MemoryFactSourceAggregate.java,evidence,65,1,0,single_operation_or_constructor_review
hello-travel-domain/src/main/java/com/hellotravel/domain/memory/model/aggregate/MemorySummaryAggregate.java,assertComplete,20,2,0,single_operation_or_constructor_review
hello-travel-domain/src/main/java/com/hellotravel/domain/memory/model/aggregate/MemorySummaryAggregate.java,idForPersistence,33,1,0,single_operation_or_constructor_review
hello-travel-domain/src/main/java/com/hellotravel/domain/memory/model/aggregate/MemorySummaryAggregate.java,assertWritableAgainst,43,3,1,flow_checked
hello-travel-domain/src/main/java/com/hellotravel/domain/memory/model/aggregate/MemorySummaryAggregate.java,redacted,58,1,0,single_operation_or_constructor_review
hello-travel-domain/src/main/java/com/hellotravel/domain/memory/model/aggregate/MemorySummaryAggregate.java,compressed,79,1,0,single_operation_or_constructor_review
hello-travel-domain/src/main/java/com/hellotravel/domain/memory/model/entity/MemoryFactEntity.java,toString,52,1,0,single_operation_or_constructor_review
hello-travel-domain/src/main/java/com/hellotravel/domain/memory/model/entity/MemoryFactEntity.java,reviseExplicit,65,1,0,single_operation_or_constructor_review
hello-travel-domain/src/main/java/com/hellotravel/domain/memory/model/entity/MemoryFactEntity.java,explicit,95,2,1,flow_checked
hello-travel-domain/src/main/java/com/hellotravel/domain/memory/model/entity/MemoryFactEntity.java,assertUpdateAgainst,124,8,1,flow_checked
hello-travel-domain/src/main/java/com/hellotravel/domain/memory/model/entity/MemoryFactEntity.java,propose,153,1,0,single_operation_or_constructor_review
hello-travel-domain/src/main/java/com/hellotravel/domain/memory/model/entity/MemoryFactEntity.java,redacted,165,1,0,single_operation_or_constructor_review
hello-travel-domain/src/main/java/com/hellotravel/domain/memory/model/entity/MemoryFactSourceEntity.java,toString,35,1,0,single_operation_or_constructor_review
hello-travel-domain/src/main/java/com/hellotravel/domain/memory/model/entity/MemoryFactSourceEntity.java,assertUpdateAgainst,46,4,1,flow_checked
hello-travel-domain/src/main/java/com/hellotravel/domain/memory/model/entity/MemoryFactSourceEntity.java,evidence,70,1,0,single_operation_or_constructor_review
hello-travel-domain/src/main/java/com/hellotravel/domain/memory/model/entity/MemorySummaryEntity.java,toString,52,1,0,single_operation_or_constructor_review
hello-travel-domain/src/main/java/com/hellotravel/domain/memory/model/entity/MemorySummaryEntity.java,assertUpdateAgainst,63,8,1,flow_checked
hello-travel-domain/src/main/java/com/hellotravel/domain/memory/model/entity/MemorySummaryEntity.java,redacted,88,1,0,single_operation_or_constructor_review
hello-travel-domain/src/main/java/com/hellotravel/domain/memory/model/entity/MemorySummaryEntity.java,compressed,125,1,0,single_operation_or_constructor_review
hello-travel-domain/src/main/java/com/hellotravel/domain/memory/model/value/ContextBudgetValue.java,<init>,20,2,0,single_operation_or_constructor_review
hello-travel-domain/src/main/java/com/hellotravel/domain/memory/model/value/ContextBudgetValue.java,fits,33,1,0,single_operation_or_constructor_review
hello-travel-domain/src/main/java/com/hellotravel/domain/memory/model/value/ContextBudgetValue.java,needsCompression,43,1,0,single_operation_or_constructor_review
hello-travel-domain/src/main/java/com/hellotravel/domain/memory/model/value/ContextBudgetValue.java,estimate,54,1,0,single_operation_or_constructor_review
hello-travel-domain/src/main/java/com/hellotravel/domain/memory/model/value/ContextBudgetValue.java,policy,69,1,0,single_operation_or_constructor_review
hello-travel-domain/src/main/java/com/hellotravel/domain/memory/model/value/ContextBudgetValue.java,withInput,80,1,0,single_operation_or_constructor_review
hello-travel-domain/src/main/java/com/hellotravel/domain/memory/model/value/ContextBudgetValue.java,withOutput,91,1,0,single_operation_or_constructor_review
hello-travel-domain/src/main/java/com/hellotravel/domain/memory/model/value/FactProposalValue.java,<init>,20,2,0,single_operation_or_constructor_review
hello-travel-domain/src/main/java/com/hellotravel/domain/memory/model/value/FactProposalValue.java,accept,44,5,1,flow_checked
hello-travel-domain/src/main/java/com/hellotravel/domain/memory/service/MemoryWriteDomainService.java,<init>,29,3,0,single_operation_or_constructor_review
hello-travel-domain/src/main/java/com/hellotravel/domain/memory/service/MemoryWriteDomainService.java,saveMemorySummary,45,14,1,flow_checked
hello-travel-domain/src/main/java/com/hellotravel/domain/memory/service/MemoryWriteDomainService.java,saveMemoryFact,80,14,1,flow_checked
hello-travel-domain/src/main/java/com/hellotravel/domain/memory/service/MemoryWriteDomainService.java,saveMemoryFactSource,115,14,1,flow_checked
hello-travel-domain/src/main/java/com/hellotravel/domain/memory/service/MemoryWriteDomainService.java,removeMemoryFactSource,150,6,1,flow_checked
hello-travel-domain/src/main/java/com/hellotravel/domain/query/model/value/QueryValue.java,<init>,22,3,0,single_operation_or_constructor_review
hello-travel-domain/src/main/java/com/hellotravel/domain/query/model/value/QueryValue.java,all,39,1,0,single_operation_or_constructor_review
hello-travel-domain/src/main/java/com/hellotravel/domain/query/model/value/QueryValue.java,where,52,3,1,flow_checked
hello-travel-domain/src/main/java/com/hellotravel/domain/query/model/value/QueryValue.java,desc,67,1,0,single_operation_or_constructor_review
hello-travel-domain/src/main/java/com/hellotravel/domain/sync/model/aggregate/OutboxEventAggregate.java,assertComplete,20,2,0,single_operation_or_constructor_review
hello-travel-domain/src/main/java/com/hellotravel/domain/sync/model/aggregate/OutboxEventAggregate.java,idForPersistence,33,1,0,single_operation_or_constructor_review
hello-travel-domain/src/main/java/com/hellotravel/domain/sync/model/aggregate/OutboxEventAggregate.java,assertWritableAgainst,43,3,1,flow_checked
hello-travel-domain/src/main/java/com/hellotravel/domain/sync/model/aggregate/OutboxEventAggregate.java,pending,65,1,0,single_operation_or_constructor_review
hello-travel-domain/src/main/java/com/hellotravel/domain/sync/model/aggregate/OutboxEventAggregate.java,claimed,94,1,0,single_operation_or_constructor_review
hello-travel-domain/src/main/java/com/hellotravel/domain/sync/model/aggregate/OutboxEventAggregate.java,completed,110,1,0,single_operation_or_constructor_review
hello-travel-domain/src/main/java/com/hellotravel/domain/sync/model/aggregate/SyncEventAggregate.java,assertComplete,20,2,0,single_operation_or_constructor_review
hello-travel-domain/src/main/java/com/hellotravel/domain/sync/model/aggregate/SyncEventAggregate.java,idForPersistence,33,1,0,single_operation_or_constructor_review
hello-travel-domain/src/main/java/com/hellotravel/domain/sync/model/aggregate/SyncEventAggregate.java,assertWritableAgainst,43,3,1,flow_checked
hello-travel-domain/src/main/java/com/hellotravel/domain/sync/model/aggregate/SyncEventAggregate.java,committed,67,1,0,single_operation_or_constructor_review
hello-travel-domain/src/main/java/com/hellotravel/domain/sync/model/entity/OutboxEventEntity.java,toString,56,1,0,single_operation_or_constructor_review
hello-travel-domain/src/main/java/com/hellotravel/domain/sync/model/entity/OutboxEventEntity.java,assertUpdateAgainst,67,6,1,flow_checked
hello-travel-domain/src/main/java/com/hellotravel/domain/sync/model/entity/OutboxEventEntity.java,pending,95,1,0,single_operation_or_constructor_review
hello-travel-domain/src/main/java/com/hellotravel/domain/sync/model/entity/OutboxEventEntity.java,claimed,134,1,0,single_operation_or_constructor_review
hello-travel-domain/src/main/java/com/hellotravel/domain/sync/model/entity/OutboxEventEntity.java,completed,168,1,0,single_operation_or_constructor_review
hello-travel-domain/src/main/java/com/hellotravel/domain/sync/model/entity/SyncEventEntity.java,toString,39,1,0,single_operation_or_constructor_review
hello-travel-domain/src/main/java/com/hellotravel/domain/sync/model/entity/SyncEventEntity.java,assertUpdateAgainst,50,2,0,single_operation_or_constructor_review
hello-travel-domain/src/main/java/com/hellotravel/domain/sync/model/entity/SyncEventEntity.java,committed,72,1,0,single_operation_or_constructor_review
hello-travel-domain/src/main/java/com/hellotravel/domain/sync/service/SyncWriteDomainService.java,<init>,26,2,0,single_operation_or_constructor_review
hello-travel-domain/src/main/java/com/hellotravel/domain/sync/service/SyncWriteDomainService.java,saveSyncEvent,39,14,1,flow_checked
hello-travel-domain/src/main/java/com/hellotravel/domain/sync/service/SyncWriteDomainService.java,removeSyncEvent,74,6,1,flow_checked
hello-travel-domain/src/main/java/com/hellotravel/domain/sync/service/SyncWriteDomainService.java,saveOutboxEvent,94,14,1,flow_checked
hello-travel-infrastructure/src/main/java/com/hellotravel/infrastructure/TravelBaseRepository.java,conditions,29,28,1,flow_checked
hello-travel-infrastructure/src/main/java/com/hellotravel/infrastructure/auth/converter/DevicePersistenceConverter.java,restore,24,1,0,single_operation_or_constructor_review
hello-travel-infrastructure/src/main/java/com/hellotravel/infrastructure/auth/converter/DevicePersistenceConverter.java,toPersistence,46,11,1,flow_checked
hello-travel-infrastructure/src/main/java/com/hellotravel/infrastructure/auth/converter/EmailChallengePersistenceConverter.java,restore,24,1,0,single_operation_or_constructor_review
hello-travel-infrastructure/src/main/java/com/hellotravel/infrastructure/auth/converter/EmailChallengePersistenceConverter.java,toPersistence,53,18,1,flow_checked
hello-travel-infrastructure/src/main/java/com/hellotravel/infrastructure/auth/converter/LoginSessionPersistenceConverter.java,restore,24,1,0,single_operation_or_constructor_review
hello-travel-infrastructure/src/main/java/com/hellotravel/infrastructure/auth/converter/LoginSessionPersistenceConverter.java,toPersistence,54,19,1,flow_checked
hello-travel-infrastructure/src/main/java/com/hellotravel/infrastructure/auth/converter/RefreshReceiptPersistenceConverter.java,restore,24,1,0,single_operation_or_constructor_review
hello-travel-infrastructure/src/main/java/com/hellotravel/infrastructure/auth/converter/RefreshReceiptPersistenceConverter.java,toPersistence,43,8,1,flow_checked
hello-travel-infrastructure/src/main/java/com/hellotravel/infrastructure/auth/converter/UserAccountPersistenceConverter.java,restore,24,1,0,single_operation_or_constructor_review
hello-travel-infrastructure/src/main/java/com/hellotravel/infrastructure/auth/converter/UserAccountPersistenceConverter.java,toPersistence,48,13,1,flow_checked
hello-travel-infrastructure/src/main/java/com/hellotravel/infrastructure/auth/repository/DeviceRepositoryImpl.java,findById,38,2,1,flow_checked
hello-travel-infrastructure/src/main/java/com/hellotravel/infrastructure/auth/repository/DeviceRepositoryImpl.java,query,52,3,1,flow_checked
hello-travel-infrastructure/src/main/java/com/hellotravel/infrastructure/auth/repository/DeviceRepositoryImpl.java,save,81,11,1,flow_checked
hello-travel-infrastructure/src/main/java/com/hellotravel/infrastructure/auth/repository/DeviceRepositoryImpl.java,remove,113,1,0,single_operation_or_constructor_review
hello-travel-infrastructure/src/main/java/com/hellotravel/infrastructure/auth/repository/DeviceRepositoryImpl.java,<init>,117,1,0,single_operation_or_constructor_review
hello-travel-infrastructure/src/main/java/com/hellotravel/infrastructure/auth/repository/EmailChallengeRepositoryImpl.java,findById,39,2,1,flow_checked
hello-travel-infrastructure/src/main/java/com/hellotravel/infrastructure/auth/repository/EmailChallengeRepositoryImpl.java,query,53,3,1,flow_checked
hello-travel-infrastructure/src/main/java/com/hellotravel/infrastructure/auth/repository/EmailChallengeRepositoryImpl.java,save,89,11,1,flow_checked
hello-travel-infrastructure/src/main/java/com/hellotravel/infrastructure/auth/repository/EmailChallengeRepositoryImpl.java,remove,121,1,0,single_operation_or_constructor_review
hello-travel-infrastructure/src/main/java/com/hellotravel/infrastructure/auth/repository/EmailChallengeRepositoryImpl.java,<init>,125,1,0,single_operation_or_constructor_review
hello-travel-infrastructure/src/main/java/com/hellotravel/infrastructure/auth/repository/LoginSessionRepositoryImpl.java,findById,39,2,1,flow_checked
hello-travel-infrastructure/src/main/java/com/hellotravel/infrastructure/auth/repository/LoginSessionRepositoryImpl.java,query,53,3,1,flow_checked
hello-travel-infrastructure/src/main/java/com/hellotravel/infrastructure/auth/repository/LoginSessionRepositoryImpl.java,save,90,11,1,flow_checked
hello-travel-infrastructure/src/main/java/com/hellotravel/infrastructure/auth/repository/LoginSessionRepositoryImpl.java,remove,122,1,0,single_operation_or_constructor_review
hello-travel-infrastructure/src/main/java/com/hellotravel/infrastructure/auth/repository/LoginSessionRepositoryImpl.java,<init>,126,1,0,single_operation_or_constructor_review
hello-travel-infrastructure/src/main/java/com/hellotravel/infrastructure/auth/repository/RefreshReceiptRepositoryImpl.java,findById,39,2,1,flow_checked
hello-travel-infrastructure/src/main/java/com/hellotravel/infrastructure/auth/repository/RefreshReceiptRepositoryImpl.java,query,53,3,1,flow_checked
hello-travel-infrastructure/src/main/java/com/hellotravel/infrastructure/auth/repository/RefreshReceiptRepositoryImpl.java,save,79,9,1,flow_checked
hello-travel-infrastructure/src/main/java/com/hellotravel/infrastructure/auth/repository/RefreshReceiptRepositoryImpl.java,remove,104,1,0,single_operation_or_constructor_review
hello-travel-infrastructure/src/main/java/com/hellotravel/infrastructure/auth/repository/RefreshReceiptRepositoryImpl.java,<init>,108,1,0,single_operation_or_constructor_review
hello-travel-infrastructure/src/main/java/com/hellotravel/infrastructure/auth/repository/UserAccountRepositoryImpl.java,findById,39,2,1,flow_checked
hello-travel-infrastructure/src/main/java/com/hellotravel/infrastructure/auth/repository/UserAccountRepositoryImpl.java,query,53,3,1,flow_checked
hello-travel-infrastructure/src/main/java/com/hellotravel/infrastructure/auth/repository/UserAccountRepositoryImpl.java,save,84,11,1,flow_checked
hello-travel-infrastructure/src/main/java/com/hellotravel/infrastructure/auth/repository/UserAccountRepositoryImpl.java,remove,116,1,0,single_operation_or_constructor_review
hello-travel-infrastructure/src/main/java/com/hellotravel/infrastructure/auth/repository/UserAccountRepositoryImpl.java,<init>,120,1,0,single_operation_or_constructor_review
hello-travel-infrastructure/src/main/java/com/hellotravel/infrastructure/chat/converter/ChatRunPersistenceConverter.java,restore,24,1,0,single_operation_or_constructor_review
hello-travel-infrastructure/src/main/java/com/hellotravel/infrastructure/chat/converter/ChatRunPersistenceConverter.java,toPersistence,62,27,1,flow_checked
hello-travel-infrastructure/src/main/java/com/hellotravel/infrastructure/chat/converter/ConversationPersistenceConverter.java,restore,24,1,0,single_operation_or_constructor_review
hello-travel-infrastructure/src/main/java/com/hellotravel/infrastructure/chat/converter/ConversationPersistenceConverter.java,toPersistence,49,14,1,flow_checked
hello-travel-infrastructure/src/main/java/com/hellotravel/infrastructure/chat/converter/MessagePersistenceConverter.java,restore,24,1,0,single_operation_or_constructor_review
hello-travel-infrastructure/src/main/java/com/hellotravel/infrastructure/chat/converter/MessagePersistenceConverter.java,toPersistence,50,15,1,flow_checked
hello-travel-infrastructure/src/main/java/com/hellotravel/infrastructure/chat/converter/ModelInvocationPersistenceConverter.java,restore,24,1,0,single_operation_or_constructor_review
hello-travel-infrastructure/src/main/java/com/hellotravel/infrastructure/chat/converter/ModelInvocationPersistenceConverter.java,toPersistence,59,24,1,flow_checked
hello-travel-infrastructure/src/main/java/com/hellotravel/infrastructure/chat/repository/ChatRunRepositoryImpl.java,findById,38,2,1,flow_checked
hello-travel-infrastructure/src/main/java/com/hellotravel/infrastructure/chat/repository/ChatRunRepositoryImpl.java,query,52,3,1,flow_checked
hello-travel-infrastructure/src/main/java/com/hellotravel/infrastructure/chat/repository/ChatRunRepositoryImpl.java,save,97,11,1,flow_checked
hello-travel-infrastructure/src/main/java/com/hellotravel/infrastructure/chat/repository/ChatRunRepositoryImpl.java,remove,129,1,0,single_operation_or_constructor_review
hello-travel-infrastructure/src/main/java/com/hellotravel/infrastructure/chat/repository/ChatRunRepositoryImpl.java,<init>,133,1,0,single_operation_or_constructor_review
hello-travel-infrastructure/src/main/java/com/hellotravel/infrastructure/chat/repository/ConversationRepositoryImpl.java,findById,39,2,1,flow_checked
hello-travel-infrastructure/src/main/java/com/hellotravel/infrastructure/chat/repository/ConversationRepositoryImpl.java,query,53,3,1,flow_checked
hello-travel-infrastructure/src/main/java/com/hellotravel/infrastructure/chat/repository/ConversationRepositoryImpl.java,save,85,11,1,flow_checked
hello-travel-infrastructure/src/main/java/com/hellotravel/infrastructure/chat/repository/ConversationRepositoryImpl.java,remove,117,1,0,single_operation_or_constructor_review
hello-travel-infrastructure/src/main/java/com/hellotravel/infrastructure/chat/repository/ConversationRepositoryImpl.java,<init>,121,1,0,single_operation_or_constructor_review
hello-travel-infrastructure/src/main/java/com/hellotravel/infrastructure/chat/repository/MessageRepositoryImpl.java,findById,38,2,1,flow_checked
hello-travel-infrastructure/src/main/java/com/hellotravel/infrastructure/chat/repository/MessageRepositoryImpl.java,query,52,3,1,flow_checked
hello-travel-infrastructure/src/main/java/com/hellotravel/infrastructure/chat/repository/MessageRepositoryImpl.java,save,85,11,1,flow_checked
hello-travel-infrastructure/src/main/java/com/hellotravel/infrastructure/chat/repository/MessageRepositoryImpl.java,remove,117,1,0,single_operation_or_constructor_review
hello-travel-infrastructure/src/main/java/com/hellotravel/infrastructure/chat/repository/MessageRepositoryImpl.java,<init>,121,1,0,single_operation_or_constructor_review
hello-travel-infrastructure/src/main/java/com/hellotravel/infrastructure/chat/repository/ModelInvocationRepositoryImpl.java,findById,39,2,1,flow_checked
hello-travel-infrastructure/src/main/java/com/hellotravel/infrastructure/chat/repository/ModelInvocationRepositoryImpl.java,query,53,3,1,flow_checked
hello-travel-infrastructure/src/main/java/com/hellotravel/infrastructure/chat/repository/ModelInvocationRepositoryImpl.java,save,95,11,1,flow_checked
hello-travel-infrastructure/src/main/java/com/hellotravel/infrastructure/chat/repository/ModelInvocationRepositoryImpl.java,remove,127,1,0,single_operation_or_constructor_review
hello-travel-infrastructure/src/main/java/com/hellotravel/infrastructure/chat/repository/ModelInvocationRepositoryImpl.java,<init>,131,1,0,single_operation_or_constructor_review
hello-travel-infrastructure/src/main/java/com/hellotravel/infrastructure/exception/InfrastructureErrorCode.java,<init>,106,2,0,single_operation_or_constructor_review
hello-travel-infrastructure/src/main/java/com/hellotravel/infrastructure/exception/InfrastructureErrorCode.java,code,117,1,0,single_operation_or_constructor_review
hello-travel-infrastructure/src/main/java/com/hellotravel/infrastructure/exception/InfrastructureErrorCode.java,message,127,1,0,single_operation_or_constructor_review
hello-travel-infrastructure/src/main/java/com/hellotravel/infrastructure/exception/InfrastructureErrorCode.java,status,137,1,0,single_operation_or_constructor_review
hello-travel-infrastructure/src/main/java/com/hellotravel/infrastructure/exception/InfrastructureException.java,<init>,18,1,0,single_operation_or_constructor_review
hello-travel-infrastructure/src/main/java/com/hellotravel/infrastructure/knowledge/converter/IndexJobPersistenceConverter.java,restore,24,1,0,single_operation_or_constructor_review
hello-travel-infrastructure/src/main/java/com/hellotravel/infrastructure/knowledge/converter/IndexJobPersistenceConverter.java,toPersistence,54,19,1,flow_checked
hello-travel-infrastructure/src/main/java/com/hellotravel/infrastructure/knowledge/converter/KnowledgeChunkPersistenceConverter.java,restore,24,1,0,single_operation_or_constructor_review
hello-travel-infrastructure/src/main/java/com/hellotravel/infrastructure/knowledge/converter/KnowledgeChunkPersistenceConverter.java,toPersistence,52,17,1,flow_checked
hello-travel-infrastructure/src/main/java/com/hellotravel/infrastructure/knowledge/converter/KnowledgeDocumentPersistenceConverter.java,restore,24,1,0,single_operation_or_constructor_review
hello-travel-infrastructure/src/main/java/com/hellotravel/infrastructure/knowledge/converter/KnowledgeDocumentPersistenceConverter.java,toPersistence,60,25,1,flow_checked
hello-travel-infrastructure/src/main/java/com/hellotravel/infrastructure/knowledge/repository/IndexJobRepositoryImpl.java,findById,38,2,1,flow_checked
hello-travel-infrastructure/src/main/java/com/hellotravel/infrastructure/knowledge/repository/IndexJobRepositoryImpl.java,query,52,3,1,flow_checked
hello-travel-infrastructure/src/main/java/com/hellotravel/infrastructure/knowledge/repository/IndexJobRepositoryImpl.java,save,89,11,1,flow_checked
hello-travel-infrastructure/src/main/java/com/hellotravel/infrastructure/knowledge/repository/IndexJobRepositoryImpl.java,remove,121,1,0,single_operation_or_constructor_review
hello-travel-infrastructure/src/main/java/com/hellotravel/infrastructure/knowledge/repository/IndexJobRepositoryImpl.java,<init>,125,1,0,single_operation_or_constructor_review
hello-travel-infrastructure/src/main/java/com/hellotravel/infrastructure/knowledge/repository/KnowledgeChunkRepositoryImpl.java,findById,39,2,1,flow_checked
hello-travel-infrastructure/src/main/java/com/hellotravel/infrastructure/knowledge/repository/KnowledgeChunkRepositoryImpl.java,query,53,3,1,flow_checked
hello-travel-infrastructure/src/main/java/com/hellotravel/infrastructure/knowledge/repository/KnowledgeChunkRepositoryImpl.java,save,88,11,1,flow_checked
hello-travel-infrastructure/src/main/java/com/hellotravel/infrastructure/knowledge/repository/KnowledgeChunkRepositoryImpl.java,remove,120,1,0,single_operation_or_constructor_review
hello-travel-infrastructure/src/main/java/com/hellotravel/infrastructure/knowledge/repository/KnowledgeChunkRepositoryImpl.java,<init>,124,1,0,single_operation_or_constructor_review
hello-travel-infrastructure/src/main/java/com/hellotravel/infrastructure/knowledge/repository/KnowledgeDocumentRepositoryImpl.java,findById,39,2,1,flow_checked
hello-travel-infrastructure/src/main/java/com/hellotravel/infrastructure/knowledge/repository/KnowledgeDocumentRepositoryImpl.java,query,53,3,1,flow_checked
hello-travel-infrastructure/src/main/java/com/hellotravel/infrastructure/knowledge/repository/KnowledgeDocumentRepositoryImpl.java,save,96,11,1,flow_checked
hello-travel-infrastructure/src/main/java/com/hellotravel/infrastructure/knowledge/repository/KnowledgeDocumentRepositoryImpl.java,remove,128,1,0,single_operation_or_constructor_review
hello-travel-infrastructure/src/main/java/com/hellotravel/infrastructure/knowledge/repository/KnowledgeDocumentRepositoryImpl.java,<init>,132,1,0,single_operation_or_constructor_review
hello-travel-infrastructure/src/main/java/com/hellotravel/infrastructure/memory/converter/MemoryFactPersistenceConverter.java,restore,24,1,0,single_operation_or_constructor_review
hello-travel-infrastructure/src/main/java/com/hellotravel/infrastructure/memory/converter/MemoryFactPersistenceConverter.java,toPersistence,52,17,1,flow_checked
hello-travel-infrastructure/src/main/java/com/hellotravel/infrastructure/memory/converter/MemoryFactSourcePersistenceConverter.java,restore,24,1,0,single_operation_or_constructor_review
hello-travel-infrastructure/src/main/java/com/hellotravel/infrastructure/memory/converter/MemoryFactSourcePersistenceConverter.java,toPersistence,45,10,1,flow_checked
hello-travel-infrastructure/src/main/java/com/hellotravel/infrastructure/memory/converter/MemorySummaryPersistenceConverter.java,restore,24,1,0,single_operation_or_constructor_review
hello-travel-infrastructure/src/main/java/com/hellotravel/infrastructure/memory/converter/MemorySummaryPersistenceConverter.java,toPersistence,53,18,1,flow_checked
hello-travel-infrastructure/src/main/java/com/hellotravel/infrastructure/memory/repository/MemoryFactRepositoryImpl.java,findById,38,2,1,flow_checked
hello-travel-infrastructure/src/main/java/com/hellotravel/infrastructure/memory/repository/MemoryFactRepositoryImpl.java,query,52,3,1,flow_checked
hello-travel-infrastructure/src/main/java/com/hellotravel/infrastructure/memory/repository/MemoryFactRepositoryImpl.java,save,87,11,1,flow_checked
hello-travel-infrastructure/src/main/java/com/hellotravel/infrastructure/memory/repository/MemoryFactRepositoryImpl.java,remove,119,1,0,single_operation_or_constructor_review
hello-travel-infrastructure/src/main/java/com/hellotravel/infrastructure/memory/repository/MemoryFactRepositoryImpl.java,<init>,123,1,0,single_operation_or_constructor_review
hello-travel-infrastructure/src/main/java/com/hellotravel/infrastructure/memory/repository/MemoryFactSourceRepositoryImpl.java,findById,39,2,1,flow_checked
hello-travel-infrastructure/src/main/java/com/hellotravel/infrastructure/memory/repository/MemoryFactSourceRepositoryImpl.java,query,53,3,1,flow_checked
hello-travel-infrastructure/src/main/java/com/hellotravel/infrastructure/memory/repository/MemoryFactSourceRepositoryImpl.java,save,81,9,1,flow_checked
hello-travel-infrastructure/src/main/java/com/hellotravel/infrastructure/memory/repository/MemoryFactSourceRepositoryImpl.java,remove,106,1,0,single_operation_or_constructor_review
hello-travel-infrastructure/src/main/java/com/hellotravel/infrastructure/memory/repository/MemoryFactSourceRepositoryImpl.java,<init>,110,1,0,single_operation_or_constructor_review
hello-travel-infrastructure/src/main/java/com/hellotravel/infrastructure/memory/repository/MemorySummaryRepositoryImpl.java,findById,39,2,1,flow_checked
hello-travel-infrastructure/src/main/java/com/hellotravel/infrastructure/memory/repository/MemorySummaryRepositoryImpl.java,query,53,3,1,flow_checked
hello-travel-infrastructure/src/main/java/com/hellotravel/infrastructure/memory/repository/MemorySummaryRepositoryImpl.java,save,89,11,1,flow_checked
hello-travel-infrastructure/src/main/java/com/hellotravel/infrastructure/memory/repository/MemorySummaryRepositoryImpl.java,remove,121,1,0,single_operation_or_constructor_review
hello-travel-infrastructure/src/main/java/com/hellotravel/infrastructure/memory/repository/MemorySummaryRepositoryImpl.java,<init>,125,1,0,single_operation_or_constructor_review
hello-travel-infrastructure/src/main/java/com/hellotravel/infrastructure/sync/converter/OutboxEventPersistenceConverter.java,restore,24,1,0,single_operation_or_constructor_review
hello-travel-infrastructure/src/main/java/com/hellotravel/infrastructure/sync/converter/OutboxEventPersistenceConverter.java,toPersistence,55,20,1,flow_checked
hello-travel-infrastructure/src/main/java/com/hellotravel/infrastructure/sync/converter/SyncEventPersistenceConverter.java,restore,24,1,0,single_operation_or_constructor_review
hello-travel-infrastructure/src/main/java/com/hellotravel/infrastructure/sync/converter/SyncEventPersistenceConverter.java,toPersistence,47,12,1,flow_checked
hello-travel-infrastructure/src/main/java/com/hellotravel/infrastructure/sync/repository/OutboxEventRepositoryImpl.java,findById,39,2,1,flow_checked
hello-travel-infrastructure/src/main/java/com/hellotravel/infrastructure/sync/repository/OutboxEventRepositoryImpl.java,query,53,3,1,flow_checked
hello-travel-infrastructure/src/main/java/com/hellotravel/infrastructure/sync/repository/OutboxEventRepositoryImpl.java,save,91,11,1,flow_checked
hello-travel-infrastructure/src/main/java/com/hellotravel/infrastructure/sync/repository/OutboxEventRepositoryImpl.java,remove,123,1,0,single_operation_or_constructor_review
hello-travel-infrastructure/src/main/java/com/hellotravel/infrastructure/sync/repository/OutboxEventRepositoryImpl.java,<init>,127,1,0,single_operation_or_constructor_review
hello-travel-infrastructure/src/main/java/com/hellotravel/infrastructure/sync/repository/SyncEventRepositoryImpl.java,findById,38,2,1,flow_checked
hello-travel-infrastructure/src/main/java/com/hellotravel/infrastructure/sync/repository/SyncEventRepositoryImpl.java,query,52,3,1,flow_checked
hello-travel-infrastructure/src/main/java/com/hellotravel/infrastructure/sync/repository/SyncEventRepositoryImpl.java,save,82,9,1,flow_checked
hello-travel-infrastructure/src/main/java/com/hellotravel/infrastructure/sync/repository/SyncEventRepositoryImpl.java,remove,107,1,0,single_operation_or_constructor_review
hello-travel-infrastructure/src/main/java/com/hellotravel/infrastructure/sync/repository/SyncEventRepositoryImpl.java,<init>,111,1,0,single_operation_or_constructor_review
hello-travel-model/src/main/java/com/hellotravel/model/security/SecurityDO.java,toString,18,1,0,single_operation_or_constructor_review
hello-travel-model/src/main/java/com/hellotravel/model/travel/ModelDO.java,toString,28,1,0,single_operation_or_constructor_review
hello-travel-start/src/main/java/com/hellotravel/start/Application.java,main,27,1,0,single_operation_or_constructor_review
hello-travel-start/src/main/java/com/hellotravel/start/Application.java,mybatisPlusInterceptor,37,3,1,flow_checked
hello-travel-start/src/main/java/com/hellotravel/start/config/DomainConfiguration.java,authWriteDomainService,48,1,0,single_operation_or_constructor_review
hello-travel-start/src/main/java/com/hellotravel/start/config/DomainConfiguration.java,chatWriteDomainService,69,1,0,single_operation_or_constructor_review
hello-travel-start/src/main/java/com/hellotravel/start/config/DomainConfiguration.java,memoryWriteDomainService,87,1,0,single_operation_or_constructor_review
hello-travel-start/src/main/java/com/hellotravel/start/config/DomainConfiguration.java,knowledgeWriteDomainService,104,1,0,single_operation_or_constructor_review
hello-travel-start/src/main/java/com/hellotravel/start/config/DomainConfiguration.java,syncWriteDomainService,120,1,0,single_operation_or_constructor_review
hello-travel-start/src/main/java/com/hellotravel/start/config/ProductionConfiguration.java,<init>,20,1,0,single_operation_or_constructor_review
hello-travel-start/src/main/java/com/hellotravel/start/config/ProductionConfiguration.java,verify,29,16,1,flow_checked
hello-travel-start/src/main/java/com/hellotravel/start/config/ProtocolConfiguration.java,integerStrings,23,2,0,single_operation_or_constructor_review
